Adresse,PLZ,Ort
Bernstrasse West 73,5034,Suhr
Stadtturmstrasse 5,5401,Baden
Bahnhofstrasse 19,5201  ,Brugg AG
Zentralstrasse 17,5610,Wohlen 
Bahnhofstrasse 26,4310,Rheinfelden 
Forstackerstrasse 1 ,4800,Zofingen
Hauptstrassse 2,5737,Menziken
Poststrasse 9 ,9050,Appenzell 
Obstmarkt 1,9102,Herisau
Rue du Quai 20,2710,Tavannes
Zentralstrasse 63b,2501  ,Biel
Oberburgstrasse 8,3400,Burgdorf
Schlossstrasse 1,2550,Langnau i. E.
Murgenthalstrasse 15 ,4901,Langenthal
Mönchstrasse 4b,3600,Thun
Worbstrasse 223 ,3073,Gümligen
Industriestrasse 35,3052,Zollikofen
Kammistrasse 13,3800,Interlaken
Bahnhofstrasse 3,3860,Meiringen
Krattigstrasse 4,3700,Spiez
Mühlegasse 1  / Mättelizentrum ,3770,Zweisimmen
Rue Centrale 63b,2501,Bienne
Bahnhofstrasse 9 ,3250,Lyss
Rue Centrale 33,2740,Moutier
Rue des Fossés 1  ,2520,La Neuveville
Place du Marché 1,2610,St-Imier
Lagerhausweg 10,3018,Bern
Reiterstrasse 9B,3013,Bern
Güterstrasse 107,4133,Pratteln
Bahnhofstrasse 32,4133,Pratteln
Grabenackerstrasse 8b,4142,Münchenstein
Mühlemattstrasse 22,4104,Oberwil
Bahnhofstrasse 30,4242,Laufen
Sissacherstrasse 2,4460,Gelterkinden
Eichenweg 6,4410,Liestal
Hochstrasse 37,4002,Basel
Utengasse 36,4005,Basel
"Hardstrasse 95, Postfach 4067",4002,Basel
Hochstrasse 37,4002,Basel
Hochstrasse 37,4002,Basel
Hochstrasse 37,4002,Basel
Hochstrasse 37,4002,Basel
Schwarzseestrasse 5,1712,Tafers
Alte Freiburgstrasse 21,3280,Murten
Rue Saint-Laurent 5,1470,Estavayer-le-Lac
Route des Arsenaux 15,1700,Fribourg
Route de Riaz 18,1630,Bulle
Rue de Vevey 25,1618,Châtel-St-Denis
Place St-Jacques 61,1680,Romont
Rue des Gares 16,1201,Genève 
Rue des Gares 16,1201,Genève 
Rue des Gares 16,1201,Genève 
Rue des Gares 16,1201,Genève 
Rathausplatz 5,8750,Glarus
Ringstrasse 10,7001,Chur
Feldstrasse 2,7430,Thusis
Bahnhofstrasse 31,7130,Ilanz
Al Giardinètt 2 ,6535,Roveredo
Talstrasse 2A,7270,Davos Platz
A l'En 4,7503,Samedan 
Rue de la Jeunesse 1,2800,Delémont
Rue Auguste-Cuenin 15,2900,Porrentruy 
Rue Bel-Air 5,2350,Saignelégier 
"1, Rue de la Jeunesse",2800,Delémont
Landenbergstrasse 39,6002,Luzern
Gerliswilstrasse 17,6021,Emmenbrücke 
Baselstrasse 61a,6003,Luzern
Gerliswilstrasse 17,6021,Emmenbrücke 
Leopoldstrasse 6,6210,Sursee
Im Schmitteli 2,6110,Wolhusen
Landenbergstrasse 39,6002,Luzern
Rue du Parc 119,2301,La Chaux-de-Fonds 
Rue de l'Ecole d'Horlogerie 13 ,2114,Fleurier
Rue Edouard-Dubois 20,2000,Neuchâtel
Rue du Parc 119,2301,La Chaux-de-Fonds 
Bahnhofstrasse 2,6052,Hergiswil
Geltenwilenstrasse 16/18,9001,St. Gallen
Säntisstrasse 2,9500,Wil
Langgrabenstrasse 24,7320,Sargans
Berneckerstrasse 12,9435,Heerbrugg
Berneckerstrasse 12,9435,Heerbrugg
Neue Jonastrasse 59,8640,Rapperswil
Bahnhofstrasse 34,9630,Wattwil
Mühlentalstrasse 105,8200,Schaffhausen
Sandmattstrasse 2,4500,Solothurn
Solothurnerstrasse 121,4600,Olten
Rathausgasse 16,4509,Solothurn
Bahnhofstrasse 8,6410,Goldau
Zürcherstrasse 8,8853,Lachen
Thundorferstrasse 37,8510,Frauenfeld
Hafenstrasse 50c,8280,Kreuzlingen
Egelmoosstrasse 3,8580,Amriswil
Piazza Giuseppe Buffi 6,6501,Bellinzona
Via della Posta 9,6601,Locarno
Via San Gottardo 17,6903,Lugano
Via E. Bossi 12d,6830,Chiasso
Via Pini 32,6710,Biasca
Klausenstrasse 4,6460,Altdorf
Pl. Chauderon 9,1002,Lausanne
Pl. du Château 10 B,1040,Echallens
Quai de Copet 1,1800,Vevey
Chemin de la Zima 4,1860,Aigle
Av. de la Gottaz 30,1110,Morges 2
Route de Renens 24,1008,Prilly
Av. C.-F. Ramuz 43,1009,Pully
Au Bourg,1610,Oron-la-Ville
Rue du Temple 9,1510,Moudon
Rue des Pêcheurs 8 A,1400,Yverdon-les-Bains
Rue des Remparts 23,1350,Orbe
Avenue du Mont-Blanc 24A,1196,Gland
Rue de Guillermaux 1,1530,Payerne
Rue du Coppet 2,1870,Monthey
Rue du Léman 29,1920,Martigny
Route de la Bonne-Eau 20,3960,Siders
Place du Midi 40,1950,Sion
Viktoriastrasse 15,3900,Brig
Hertizentrum 6,6303,Zug
Nansenstrasse 16,8050,Zürich
Europastrasse 13,8152,Glattbrugg
Technoparkstrasse 2,8401,Winterthur
Luppmenstrasse 3,8320,Fehraltorf
Brunnenstrasse 1,8610,Uster
Joweid Zentrum 1,8630,Rüti
Feldstrasse 95,8180,Bülach
Bruechstrasse 12,8706,Meilen
Zürcherstrasse 68,8800,Thalwil
Neumattstrasse 7,8953,Dietikon
Althardstrasse 10,8105,Regensdorf
Hardturmstrasse 11,8031,Zürich
Staffelstrasse 8,8027,Zürich
Vulkanstrasse 106 ,8048,Zürich
Eggbühlstrasse 36,8050,Zürich
Lagerstrasse 107,8004,Zürich
