Tipo de punto de atención,Departamento,Municipio,Dirección
PUNTO DE SERVICIOS,"BOGOTA, D.C.","BOGOTA, D.C.",Carrera 4ª No. 73-71
PUNTO DE SERVICIOS,"BOGOTA, D.C.","BOGOTA, D.C.",Carrera 13A No. 89 -38 Oficina 324 y 325
PUNTO DE SERVICIOS,ANTIOQUIA,MEDELLIN,CARRERA 43A No 23-73 LOCAL 142
PUNTO DE SERVICIOS,CALDAS,MANIZALES,CARRERA 23 No 59-26 LOCAL 3
PUNTO DE SERVICIOS,RISARALDA,PEREIRA,AVENIDA 30 DE AGOSTO No 42-01 (Industrial)
PUNTO DE SERVICIOS,SANTANDER,BUCARAMANGA,CARRERA 27 No 36-38 LOCAL 125
PUNTO DE SERVICIOS,VALLE DEL CAUCA,CALI,CALLE 44 NORTE No 2FN-28 la merced
PUNTO DE SERVICIOS,VALLE DEL CAUCA,PALMIRA,CARRERA 28 No 30-19 LOCAL 201
PUNTO DE SERVICIOS,"BOGOTA, D.C.","BOGOTA, D.C.",AVENIDA CALLE 13 No 65-78
PUNTO DE SERVICIOS,ATLANTICO,BARRANQUILLA,CARRERA 49C No 80-264 LOCAL 4 (Industrial)
PUNTO DE SERVICIOS,BOLIVAR,CARTAGENA DE INDIAS,PLAZUELA C.C SHOPPING CENTER II LOCAL 8
CENTRO DE EMPLEO,"BOGOTA, D.C.","BOGOTA, D.C.",Calle 100 No.8A-55 Oficina 312 Torre C Edificio World Trade Center
PUNTO DE ATENCIÓN RESTRINGIDA,"BOGOTA, D.C.","BOGOTA, D.C.",Diagonal 34 A No.5 A-23 Segundo Piso Oficina Comunidad CESA
CENTRO DE EMPLEO,ANTIOQUIA,MEDELLIN,Carrera 43 #31-89 Barrio San Diego
CENTRO DE EMPLEO,CUNDINAMARCA,GIRARDOT,Carrera 9 No. 34-98
CENTRO DE EMPLEO,CUNDINAMARCA,MADRID,"Calle 7 No. 3-58/60, Barrio Vergel"
CENTRO DE EMPLEO,CUNDINAMARCA,ZIPAQUIRA,"Avenida Carrera 15 # 1A -22 sur, Barrio La Fraguita"
CENTRO DE EMPLEO,RISARALDA,PEREIRA,"Km 11, Pereira- Cerritos"
CENTRO DE EMPLEO,"BOGOTA, D.C.","BOGOTA, D.C.","Calle 161 no. 7f-77 en la localidad de Usaquén, Barrio San Cristóbal Norte"
CENTRO DE EMPLEO,ANTIOQUIA,MEDELLIN,Carrera 49 No.53 - 19 Oficina 403 Edificio Bancoquia
PUNTO DE SERVICIOS,CUNDINAMARCA,SOACHA,Transversal 5 No.5G - 95
PUNTO DE SERVICIOS,META,VILLAVICENCIO,Cra. 33 A No.40-59 Centro
CENTRO DE EMPLEO,NORTE DE SANTANDER,SAN JOSE DE CUCUTA,KDX 11-17 Los Canarios - Barrio El Rodeo
PUNTO DE SERVICIOS,VALLE DEL CAUCA,CALI,Calle 5B 4 No.37-120 Barrio San Fernando
CENTRO DE EMPLEO,"BOGOTA, D.C.","BOGOTA, D.C.",Avenida Calle 80 N°72B-56
PUNTO DE SERVICIOS,ATLANTICO,BARRANQUILLA,Calle 72a No.7e 25 Barrio el Bosque
PUNTO DE SERVICIOS,BOLIVAR,CARTAGENA DE INDIAS,Carrera 68 No. 8-26 Barrio Las Reinas
PUNTO DE ATENCIÓN RESTRINGIDA,ANTIOQUIA,MEDELLIN,Calle 50 #43-65
PUNTO DE ATENCIÓN RESTRINGIDA,ATLANTICO,BARRANQUILLA,Calle 72 #41C-64
PUNTO DE ATENCIÓN RESTRINGIDA,CORDOBA,MONTERIA,Calle 24 #5-28
PUNTO DE ATENCIÓN RESTRINGIDA,ANTIOQUIA,BELLO,Carrera 45 No.22D-25 Km 0 Autopista Medellín - Bogotá
PUNTO DE ATENCIÓN RESTRINGIDA,CUNDINAMARCA,GIRARDOT,Carrera 9 No.34-98 Rosa Blanca
PUNTO DE ATENCIÓN RESTRINGIDA,CUNDINAMARCA,MADRID,Calle 7 No.3-58/60
PUNTO DE ATENCIÓN RESTRINGIDA,CUNDINAMARCA,SOACHA,Transversal 5 No 5 G 95 LAGOS DE MALIBÚ
PUNTO DE ATENCIÓN RESTRINGIDA,CUNDINAMARCA,ZIPAQUIRA,Av. 15 No 1-22 Sur Barrio La Fraguita.
PUNTO DE ATENCIÓN RESTRINGIDA,HUILA,NEIVA,Calle 18 No.5A-31 Barrio Quirinal
PUNTO DE ATENCIÓN RESTRINGIDA,META,VILLAVICENCIO,"Cra. 36 No. 5A - 21 Sur Mz. 5 Lote 2, Hacienda Rosablanca."
PUNTO DE ATENCIÓN RESTRINGIDA,NARIÑO,PASTO,Carrera 27 No. 16-68.
PUNTO DE ATENCIÓN RESTRINGIDA,RISARALDA,PEREIRA,Km. 11 Sector Galicia - Cerritos
CENTRO DE EMPLEO,ANTIOQUIA,MEDELLIN,Calle 4 Sur N°43A-195 Oficina 258 En El Centro Ejecutivo Del Poblado
CENTRO DE EMPLEO,"BOGOTA, D.C.","BOGOTA, D.C.",Calle 72 A No.6-44 Oficina 501
CENTRO DE EMPLEO,ATLANTICO,BARRANQUILLA,Calle 74 No.56-25
CENTRO DE EMPLEO,"BOGOTA, D.C.","BOGOTA, D.C.",Carrera 11 No.71-41 Oficina 507 Edificio Torre Av. Chile
PUNTO DE ATENCIÓN RESTRINGIDA,ANTIOQUIA,MEDELLIN,CALLE 54 A No. 30-01 CAMPUS FRATERNIDAD BLOQUE L-206. BARRIO BOSTON
CENTRO DE EMPLEO,"BOGOTA, D.C.","BOGOTA, D.C.","Cra 15 No.93A - 84; Edificio Business 93, Oficina 204"
PUNTO DE SERVICIOS,ANTIOQUIA,RIONEGRO,Transversal 49 No. 39ª-170 Edificio El Tranvía
PUNTO DE SERVICIOS,ANTIOQUIA,MEDELLIN,Calle 52 No. 47-42 Oficina 801 Edificio Coltejer
PUNTO DE SERVICIOS,ANTIOQUIA,APARTADO,Diagonal 100 No. 105ª-53 Centro Empresarial Trinity Plaza Local 202
PUNTO DE SERVICIOS,HUILA,NEIVA,Calle 46 No. 16 -24 Centro Empresarial San Juan Plaza - Oficina 601
PUNTO DE SERVICIOS,RISARALDA,PEREIRA,Calle 19 No. 8-34 Piso 13 Edificio Corporación Financiera - Oficina 11
PUNTO DE SERVICIOS,VALLE DEL CAUCA,CALI,Avenida Sexta Norte No. 29AN-49 -Oficina 301 Edificio Torre CCI Occidente
PUNTO DE SERVICIOS,"BOGOTA, D.C.","BOGOTA, D.C.",Calle 26 No 69-76 Torre 1 Piso 11 Edificio Elemento
PUNTO DE SERVICIOS,"BOGOTA, D.C.","BOGOTA, D.C.",Calle 98 No.22-64 Local 5 - Edificio Calle 100
PUNTO DE SERVICIOS,ATLANTICO,BARRANQUILLA,Calle 76 No. 54 - 11 Local B15 Edificio World Trade Center
PUNTO DE SERVICIOS,BOLIVAR,CARTAGENA DE INDIAS,Avenida Jimenez Carrera 17 No.25-90 - Local 1 Edificio Henry II-Barrio Manga
PUNTO DE ATENCIÓN RESTRINGIDA,"BOGOTA, D.C.","BOGOTA, D.C.",CALLE 61 No. 7 - 69 OFICINA GRADUADOS
PUNTO DE SERVICIOS,BOLIVAR,CARTAGENA DE INDIAS,Cra 2 No.9-145 -Bocagrande-Edificio Nautilus Trade Center -Oficina 401
PUNTO DE ATENCIÓN RESTRINGIDA,"BOGOTA, D.C.","BOGOTA, D.C.",Calle 74 No.15-73
PUNTO DE ATENCIÓN RESTRINGIDA,SANTANDER,BUCARAMANGA,"Calle de los Estudiantes No.9-82, Ciudadela Real de Minas, Edificio C (Tekné) Piso 3 - Oficina Grupo de Extensión Institucional"
PUNTO DE ATENCIÓN RESTRINGIDA,SANTANDER,BUCARAMANGA,AVENIDA 42 No. 48 -11 
PUNTO DE ATENCIÓN RESTRINGIDA,VALLE DEL CAUCA,CALI,"CALLE 25 No. 115 - 85, kilómetro 2, via Cali - Jamundi Edificio central- AULAS 2 PISO 2"
PUNTO DE ATENCIÓN RESTRINGIDA,ANTIOQUIA,MEDELLIN,CALLE 50 No 41-70 BLOQUE 2 PISO 1
PUNTO DE ATENCIÓN RESTRINGIDA,ANTIOQUIA,APARTADO,"Calle 91 No. 96a 55,Manzanares"
PUNTO DE ATENCIÓN RESTRINGIDA,ARAUCA,ARAUCA,Calle 20 No 29-132. Barrio Corocoras
PUNTO DE ATENCIÓN RESTRINGIDA,CAUCA,POPAYAN,Carrera 9 No.22N-40 Barrio Ciudad Jardín
PUNTO DE ATENCIÓN RESTRINGIDA,HUILA,NEIVA,Calle 91 No. 96ª 55 Barrio Manzanares
PUNTO DE ATENCIÓN RESTRINGIDA,MAGDALENA,SANTA MARTA,Calle 50 No.41-70. Bloque 2 - piso 1.
PUNTO DE ATENCIÓN RESTRINGIDA,META,VILLAVICENCIO,"Carrera 22 No.7-06 Sur. Edificio Bloque principal, tercer piso. Barrio La Rosita"
PUNTO DE ATENCIÓN RESTRINGIDA,NARIÑO,PASTO,Calle 18 No.47-150 Torobajo
PUNTO DE ATENCIÓN RESTRINGIDA,RISARALDA,PEREIRA,Complejo Educativo La Julita - Sector Pinares
PUNTO DE ATENCIÓN RESTRINGIDA,SANTANDER,BARRANCABERMEJA,Calle 57 entre Cras 24 y 27 Barrio Galán
PUNTO DE ATENCIÓN RESTRINGIDA,SANTANDER,BUCARAMANGA,Carrera 33 No.30A -05
PUNTO DE ATENCIÓN RESTRINGIDA,TOLIMA,IBAGUE,CALLE 10 # 1 -64
PUNTO DE ATENCIÓN RESTRINGIDA,VALLE DEL CAUCA,CALI,Calle 18 No. 122-135
PUNTO DE ATENCIÓN RESTRINGIDA,CESAR,VALLEDUPAR,Carrera 6 No 14-27. Sede A Bloque C Oficina de Graduados
PUNTO DE ATENCIÓN RESTRINGIDA,NORTE DE SANTANDER,SAN JOSE DE CUCUTA,Avenida 4 Esquina calle 10N-61. Urbanización el Bosque. Bloque Motilón Piso 2 Oficina de Graduados.
PUNTO DE ATENCIÓN RESTRINGIDA,SANTANDER,BUCARAMANGA,"CALLE 70 No 55-210 Campus universitario Lagos del Cacique, Oficina de graduados, edificio Motilon, piso 2"
PUNTO DE ATENCIÓN RESTRINGIDA,HUILA,NEIVA,"Avenida Pastrana Borrero – Carrera 1ª, bloque de la Vicerrectoría Académica"
PUNTO DE ATENCIÓN RESTRINGIDA,SANTANDER,BUCARAMANGA,Carrera 27 No.19-40
PUNTO DE ATENCIÓN RESTRINGIDA,TOLIMA,IBAGUE,Calle 87 No. 20-98 Barrio El Vergel
PUNTO DE ATENCIÓN RESTRINGIDA,VALLE DEL CAUCA,CALI,Carrera 25 No. 2 -01.
PUNTO DE ATENCIÓN RESTRINGIDA,"BOGOTA, D.C.","BOGOTA, D.C.",Transversal 75a #81i-16 Barrio Minuto De Dios.
PUNTO DE ATENCIÓN RESTRINGIDA,ANTIOQUIA,MEDELLIN,Carrera 51 # 49 – 59 Torre 2 Piso 7
PUNTO DE SERVICIOS,ANTIOQUIA,MEDELLIN,Calle 30B # 65F-112 BARRIO BELÉN FÁTIMA
PUNTO DE SERVICIOS,"BOGOTA, D.C.","BOGOTA, D.C.",CARRERA 21 N°37-85 OFI. 302 BARRIO LA SOLEDAD
PUNTO DE SERVICIOS,"BOGOTA, D.C.","BOGOTA, D.C.",CARRERA 7 No. 71-52 Ofic. 803 TORRE A
PUNTO DE ATENCIÓN RESTRINGIDA,VALLE DEL CAUCA,CALI,Calle 9 No 34-01
PUNTO DE SERVICIOS,"BOGOTA, D.C.","BOGOTA, D.C.",Av. Cra. 24 No.84-31
PUNTO DE SERVICIOS,CORDOBA,MONTERIA,Calle 17ª No.9-37 Barrio la Julia
PUNTO DE SERVICIOS,"BOGOTA, D.C.","BOGOTA, D.C.",Carrera 13A No. 86A - 57
CENTRO DE EMPLEO,ANTIOQUIA,MEDELLIN,Calle 61 N° 50-46 Piso 1 Barrio Prado Centro
PUNTO DE ATENCIÓN RESTRINGIDA,VALLE DEL CAUCA,CALI,Carrera 73 No. 2a-80
PUNTO DE ATENCIÓN RESTRINGIDA,"BOGOTA, D.C.","BOGOTA, D.C.",Ave. Caracas No.45ª - 55
PUNTO DE ATENCIÓN RESTRINGIDA,CORDOBA,MONTERIA,Calle 52ª No.6-79 Barrio La Castellana
PUNTO DE ATENCIÓN RESTRINGIDA,CORDOBA,MONTERIA,Carrera 6 No.77-305 Sede Central Bloque 27
PUNTO DE ATENCIÓN RESTRINGIDA,CUNDINAMARCA,CHIA,"Campus del Puente del Común Km. 7, Autopista Norte, Bogotá- Chía, Edificio A primer piso – Instalaciones de Alumni Sabana ."
PUNTO DE ATENCIÓN RESTRINGIDA,"BOGOTA, D.C.","BOGOTA, D.C.",Calle 19 Bis N° 1-30 Casa AU-02
PUNTO DE ATENCIÓN RESTRINGIDA,ATLANTICO,BARRANQUILLA,Km 5 Vía Puerto Colombia
PUNTO DE ATENCIÓN RESTRINGIDA,VALLE DEL CAUCA,CALI,Carrera 79b No. 10A – 94 Segundo piso Punto Plaza 80
PUNTO DE ATENCIÓN RESTRINGIDA,"BOGOTA, D.C.","BOGOTA, D.C.",Cra 11 No.78-47 Edificio EAN Legacy Primer Piso
PUNTO DE SERVICIOS,ANTIOQUIA,MEDELLIN,CARRERA 43 No. 1-50 Ofic. 456
PUNTO DE SERVICIOS,"BOGOTA, D.C.","BOGOTA, D.C.",CARRERA 9 A No. 99-02 Ofic. 405
PUNTO DE SERVICIOS,ATLANTICO,BARRANQUILLA,CALLE 77 B No. 57-103 OFICINA 809
PUNTO DE SERVICIOS,"BOGOTA, D.C.","BOGOTA, D.C.","CALLE 98 A No. 9A - 41, OFICINA 403"
CENTRO DE EMPLEO,ANTIOQUIA,BARBOSA,Calle 15 No 13-56 torre social primer piso. Barbosa
CENTRO DE EMPLEO,ATLANTICO,BARRANQUILLA,CARRERA 21B N° 39-59 BARRIO SAN JOSÉ
CENTRO DE EMPLEO,ANTIOQUIA,ENVIGADO,Calle 40 Sur # 41-44 Piso 2 Edificio Murano Plaza
CENTRO DE EMPLEO,CUNDINAMARCA,FACATATIVA,"CARRERA 2 No 1 ESQUINA ESTE, EDIFICIO DE DESARROLLO SOCIAL PISO 2"
CENTRO DE EMPLEO,META,GUAMAL,Calle13 No.7-09 Palacio Municipal Julio Londardy Moreno Camacho Barrio Fundadores
CENTRO DE EMPLEO,ANTIOQUIA,ITAGUI,Carrera 51 #51-55 Itagüí Antioquia - Colombia
CENTRO DE EMPLEO,ANTIOQUIA,LA ESTRELLA,Calle 80 Sur # 58 – 78. 2do piso. Centro Administrativo Municipal Jorge Eliecer Echavarría Henao
CENTRO DE EMPLEO,ANTIOQUIA,MEDELLIN,CARRERA 76 No 18A-19 PARQUE BIBLIOTECA DE BELÉN
PUNTO DE SERVICIOS,ANTIOQUIA,MEDELLIN,Calle 104c # 48-60. Casa de Justicia de Villa del Socorro
PUNTO DE SERVICIOS,ANTIOQUIA,MEDELLIN,CALLE 106 No 32-33 Santo Domingo - Popular
PUNTO DE SERVICIOS,ANTIOQUIA,MEDELLIN,Calle 18 # 105-69 Parque Principal Altavista
PUNTO DE SERVICIOS,ANTIOQUIA,MEDELLIN,Calle 44 # 95-63 (Parque Biblioteca San Javier última Estación Metro Cable Línea B)
PUNTO DE SERVICIOS,ANTIOQUIA,MEDELLIN,CALLE 59 A No. 36-30 Parque Biblioteca Leon de Greiff La ladera
PUNTO DE SERVICIOS,ANTIOQUIA,MEDELLIN,CALLE 62 No 129-13 CORREGIMIENTO SAN CRISTÓBAL cerca al parque principal
PUNTO DE SERVICIOS,ANTIOQUIA,MEDELLIN,"Calle 82 A # 52-25(Centro de Desarrollo Cultural Moravia, Estación Metro Universidad)"
PUNTO DE SERVICIOS,ANTIOQUIA,MEDELLIN,CARRERA 43 No 66E-41 Manrique
PUNTO DE SERVICIOS,ANTIOQUIA,MEDELLIN,CARRERA 52 No 9 SUR 42 en el MÁS CERCA GUAYABAL Ultima Estación Metro Línea B
PUNTO DE SERVICIOS,ANTIOQUIA,MEDELLIN,Carrera 52 No.53 - 74 Edificio Vázquez
PUNTO DE SERVICIOS,ANTIOQUIA,MEDELLIN,CARRERA 65 CON CALLE 103 E CEDEZO Castilla Parque de los vientos
PUNTO DE SERVICIOS,ANTIOQUIA,MEDELLIN,CARRERA 80 No 82-60 PARQUE BIBLIOTECA LA QUINTANA
PUNTO DE SERVICIOS,ANTIOQUIA,MEDELLIN,CASA DE GOBIERNO VÍA SANTA ELENA K 15 VEREDA CENTRAL
CENTRO DE EMPLEO,AMAZONAS,LETICIA,CARRERA 11 No 6-80
CENTRO DE EMPLEO,PUTUMAYO,MOCOA,AVENIDA COLOMBIA FRENTE AL HELIPUERTO SEDE ADMINISTRATIVA
CENTRO DE EMPLEO,PUTUMAYO,ORITO,Calle 8 No. 8-27 – Barrio Marco Fidel Suárez Sede Administrativa
CENTRO DE EMPLEO,PUTUMAYO,VALLE DEL GUAMUEZ,Calle 5ª Vía al Varadero Barrio el Progreso Sede Administrativa
CENTRO DE EMPLEO,PUTUMAYO,PUERTO ASIS,Calle 11 Carrera 17 Esquina Barrio Las Américas Sede Administrativa
CENTRO DE EMPLEO,ATLANTICO,BARRANQUILLA,CARRERA 46 No 46-36 LOCALES 105-106
CENTRO DE EMPLEO,ATLANTICO,SABANALARGA,CALLE 21 No 17-39 LOCAL 1
CENTRO DE EMPLEO,MAGDALENA,EL BANCO,CALLE 4 No. 3-35
CENTRO DE EMPLEO,MAGDALENA,PLATO,CARRERA 15A No. 6 - 62
CENTRO DE EMPLEO,MAGDALENA,SANTA MARTA,Avenida Libertador No 19-97 Centro Comercial Plaza Libertador
CENTRO DE EMPLEO,MAGDALENA,CIENAGA,CALLE 3 No. 8 - 03
CENTRO DE EMPLEO,MAGDALENA,FUNDACION,CALLE 8 No. 6-17
CENTRO DE EMPLEO,"ARCHIPIELAGO DE SAN ANDRES, PROVIDENCIA Y SANTA CATALINA",SAN ANDRES,Avenida Providencia No.17 – 37.
CENTRO DE EMPLEO,SANTANDER,BARRANCABERMEJA,Calle 57 # 27-15
CENTRO DE EMPLEO,SANTANDER,BUCARAMANGA,Carrera 27 No.61-78 Puerta del Sol
CENTRO DE EMPLEO,SANTANDER,FLORIDABLANCA,Carrera 8 #23-25 Lagos III
CENTRO DE EMPLEO,SANTANDER,PIEDECUESTA,Carrera 6 # 11-15 Piedecuesta
CENTRO DE EMPLEO,SANTANDER,SABANA DE TORRES,Calle 14 # 11-53
CENTRO DE EMPLEO,SANTANDER,SAN GIL,Calle 10 # 12 -184 local 116 Centro comercial el puente
CENTRO DE EMPLEO,SANTANDER,GIRON,Calle 35 # 29 - esquina Barrio el Llanito
CENTRO DE EMPLEO,SANTANDER,MALAGA,Calle 12 No. 6A - 71
PUNTO DE SERVICIOS,META,CUMARAL,CALLE 11 No 20-40 BARRIO CENTRO
CENTRO DE EMPLEO,PUTUMAYO,VILLAGARZON,Carrera 5 No. 7-43 Barrio Juan Pablo II
PUNTO DE SERVICIOS,META,GRANADA,CALLE 14 N°13-26 LOCAL 102 BARRIO CENTRO
CENTRO DE EMPLEO,META,VILLAVICENCIO,CALLE 26 # 38-89 MANZANA H CASA 10 BARRIO 7 DE AGOSTO
PUNTO DE SERVICIOS,META,ACACIAS,"Carrera 24 No 12-67, Barrio San José"
CENTRO DE EMPLEO,META,PUERTO GAITAN,Diagonal 10 No. 14-04 Barrio San José de Galán
PUNTO DE SERVICIOS,META,PUERTO LOPEZ,CARRERA 5 ENTRE CALLES 5 Y 6 Barrio Centro
CENTRO DE EMPLEO,CUNDINAMARCA,FUNZA,CARRERA 9 No. 17 A - 95 Segundo Piso
CENTRO DE EMPLEO,CUNDINAMARCA,SOACHA,CARRERA 7 No. 16-30 PISO 1 y 2
CENTRO DE EMPLEO,"BOGOTA, D.C.","BOGOTA, D.C.",AVENIDA CALLE 145 N°103B-65 Centro Comercial Al Paso Plaza-Local 107-1
CENTRO DE EMPLEO,"BOGOTA, D.C.","BOGOTA, D.C.",Carrera 11 No. 65-34
CENTRO DE EMPLEO,"BOGOTA, D.C.","BOGOTA, D.C.",Cra 71 D #6-94 Local 3606-3 Piso Edificio Sur Oriente CC. Plaza De Las Américas
CENTRO DE EMPLEO,"BOGOTA, D.C.","BOGOTA, D.C.",TEUSAQUILLO:Cra 17 No.36-74
CENTRO DE EMPLEO,"BOGOTA, D.C.","BOGOTA, D.C.",Carrera 24 No.15-12 Sur Barrio Restrepo - ANTONIO NARIÑO
CENTRO DE EMPLEO,"BOGOTA, D.C.","BOGOTA, D.C.",Carrera 7 No.33-91 Edificio Teleskop San Martin Piso 3º - SANTA FE
CENTRO DE EMPLEO,GUAVIARE,SAN JOSE DEL GUAVIARE,Calle 7A No. 27B – 73 Barrio Belén de la Paz
CENTRO DE EMPLEO,BOYACA,DUITAMA,Calle 14 N° 13-68
PUNTO DE SERVICIOS,BOYACA,GARAGOA,Calle 12 No. 8 - 34
CENTRO DE EMPLEO,BOYACA,SOGAMOSO,Carrera 10 N° 13-28
CENTRO DE EMPLEO,BOYACA,TUNJA,CARRERA 10 No 16-81
PUNTO DE SERVICIOS,BOYACA,VILLA DE LEYVA,Calle 11 No. 9 - 13
CENTRO DE EMPLEO,BOYACA,PUERTO BOYACA,Carrera 2 N° 13-35
CENTRO DE EMPLEO,BOYACA,CHIQUINQUIRA,Vía Tunja No 35 -75
CENTRO DE EMPLEO,CAQUETA,FLORENCIA,CARRERA 11 No. 10-34
PUNTO DE SERVICIOS,CASANARE,VILLANUEVA,CALLE 10 No 13-68 Barrio los fundadores
CENTRO DE EMPLEO,CASANARE,YOPAL,"Calle 27 No. 22-58 Unidad Integral de Servicios, Barrio el Oasis"
CENTRO DE EMPLEO,CAUCA,PUERTO TEJADA,CALLE 16 N°20-30
CENTRO DE EMPLEO,CAUCA,SANTANDER DE QUILICHAO,CALLE 6 #9-67 BARRIO CENTRO
CENTRO DE EMPLEO,CAUCA,POPAYAN,CALLE 2N No 6A -54 Bloque B
CENTRO DE EMPLEO,CAUCA,PATIA,Carrera 7 No.4-33
CENTRO DE EMPLEO,CESAR,AGUACHICA,Calle 5 No.26-16
PUNTO DE SERVICIOS,CESAR,LA JAGUA DE IBIRICO,Calle 5 No.06-09
CENTRO DE EMPLEO,CESAR,VALLEDUPAR,Carrera 9 No 16 a-58
CENTRO DE EMPLEO,CHOCO,QUIBDO,Calle 23 No. 4 -31 Calle las Águilas Barrio La Yesquita Edificio Principal COMFACHOCO Piso 1°
CENTRO DE EMPLEO,CORDOBA,LORICA,Calle 1 No. 15-59
CENTRO DE EMPLEO,CORDOBA,PLANETA RICA,CARRERA 7 No. 10-64 Centro Comercial Planeta Plaza Local 220
CENTRO DE EMPLEO,CORDOBA,MONTERIA,CALLE 10 # 8F -29 BARRIO BUENAVISTA
PUNTO DE SERVICIOS,CUNDINAMARCA,PARATEBUENO,Calle 3 No 8-60
CENTRO DE EMPLEO,CUNDINAMARCA,PUERTO SALGAR,CALLE 14 No 11-27
PUNTO DE SERVICIOS,CUNDINAMARCA,FACATATIVA,Calle 4 #2-81
CENTRO DE EMPLEO,"BOGOTA, D.C.","BOGOTA, D.C.",Calle 37 # 28-33 Barrio la Soledad
CENTRO DE EMPLEO,LA GUAJIRA,RIOHACHA,Calle 14 No.10-110
CENTRO DE EMPLEO,ANTIOQUIA,AMALFI,Calle 21 Córdoba # 21 - 41
PUNTO DE SERVICIOS,ANTIOQUIA,BELLO,CARRERA 49 No 46-57. SEDE CENTRO
CENTRO DE EMPLEO,ANTIOQUIA,EL BAGRE,Calle 46 N° 46-01 Campamento Minero - Parque recreativo
PUNTO DE SERVICIOS,ANTIOQUIA,ENVIGADO,CALLE 35 SUR No 41-51
PUNTO DE SERVICIOS,ANTIOQUIA,LA CEJA,CALLE 19 No 13B-105 La ceja oriente
CENTRO DE EMPLEO,ANTIOQUIA,LA PINTADA,Calle 30 A # 30 - 54
CENTRO DE EMPLEO,ANTIOQUIA,RIONEGRO,Carrera 51 No.51-42
CENTRO DE EMPLEO,ANTIOQUIA,YARUMAL,Calle 21 carrera 21 20_56 local 202
CENTRO DE EMPLEO,ANTIOQUIA,PUERTO BERRIO,Calle 51 # 6-25
CENTRO DE EMPLEO,ANTIOQUIA,MEDELLIN,Calle 34 No.46-20 Bodega Comfama
CENTRO DE EMPLEO,ANTIOQUIA,MEDELLIN,Calle 49 # 41-9 CESDE
CENTRO DE EMPLEO,ANTIOQUIA,MEDELLIN,Calle 50 No.43-121 Casa de Empleo
CENTRO DE EMPLEO,ANTIOQUIA,MEDELLIN,Carrera 44 No.48-18 Claustro San Ignacio
CENTRO DE EMPLEO,ANTIOQUIA,MEDELLIN,Cra 43A No.3 Sur-130 Torre 2 - Piso 16 Centro TI
PUNTO DE SERVICIOS,ANTIOQUIA,MEDELLIN,CALLE 30 A No 82 A-26. PISO 9- Sede Centro Comercial los Molinos
CENTRO DE EMPLEO,ANTIOQUIA,SANTA FE DE ANTIOQUIA,Calle 11 No 9-62
CENTRO DE EMPLEO,ANTIOQUIA,APARTADO,"Calle 104 # 101 - 15, Edificio cámara de comercio piso 7"
PUNTO DE SERVICIOS,ANTIOQUIA,ITAGUI,CALLE 54 No 52-58
CENTRO DE EMPLEO,ATLANTICO,BARRANQUILLA,CALLE 30 No. 2 B - 10
CENTRO DE EMPLEO,ATLANTICO,BARRANQUILLA,CALLE 48 No 43-104
CENTRO DE EMPLEO,ATLANTICO,SABANALARGA,CARRERA 19 B No. 21A- 49
PUNTO DE SERVICIOS,ANTIOQUIA,CAUCASIA,CALLE 21 No. 9-26 Barrio el Pajonal
CENTRO DE EMPLEO,ANTIOQUIA,MEDELLIN,CALLE 49B No 63-21 PISO 1 EDIFICIO CAMACOL SECTOR SURAMERICANA
PUNTO DE SERVICIOS,ANTIOQUIA,APARTADO,CALLE 94 # 103-11 AVENIDA LAS MARGARITAS
CENTRO DE EMPLEO,BOLIVAR,CARTAGENA DE INDIAS,"Avenda Pedro de Heredia, calle 30 No 20-118, barrio Alcibia Edificio Gran via piso 1"
CENTRO DE EMPLEO,BOLIVAR,CANTAGALLO,"Calle 1ra casa de la cultura ""Orlando Fuentes Sanguinetti"""
CENTRO DE EMPLEO,BOLIVAR,MAGANGUE,Carrera 3 No. 13 – 54 primer piso Edificio Leiva
CENTRO DE EMPLEO,HUILA,NEIVA,CALLE 21 # 4-50
CENTRO DE EMPLEO,HUILA,NEIVA,Carrera 1 No.56A-27 Barrio Cándido Piso 2º
CENTRO DE EMPLEO,RISARALDA,DOSQUEBRADAS,Av. Simón Bolívar Calle 35 No. 16 -41
CENTRO DE EMPLEO,RISARALDA,LA VIRGINIA,Carrera 8 No. 6-21
PUNTO DE SERVICIOS,RISARALDA,MARSELLA,Calle 9 Cra 9 esquina Biblioteca Pública León de Greiff
CENTRO DE EMPLEO,RISARALDA,PEREIRA,CALLE 22 No 4 - 27 PRIMER PISO
CENTRO DE EMPLEO,RISARALDA,SANTA ROSA DE CABAL,Carrera 14 No. 17-57
PUNTO DE SERVICIOS,RISARALDA,BELEN DE UMBRIA,"Carrera 12 No. 3-47, casa de la Cultura 2° Piso"
PUNTO DE SERVICIOS,RISARALDA,QUINCHIA,"Carrera 13 No. 4-67 Edificio Crem 2 piso, Barrio la Unión"
CENTRO DE EMPLEO,VALLE DEL CAUCA,CALI,AVENIDA 3 Norte No 51 N -56 SEGUNDO PISO-La merced
PUNTO DE SERVICIOS,VALLE DEL CAUCA,PALMIRA,CALLE 32 A No 28-03 PISO 3
PUNTO DE SERVICIOS,VALLE DEL CAUCA,GUADALAJARA DE BUGA,Carrera 9 No.11 -52
PUNTO DE SERVICIOS,VALLE DEL CAUCA,TULUA,CALLE 26 No 21-20
CENTRO DE EMPLEO,NORTE DE SANTANDER,OCAÑA,carrera 11 # 12-40 Unidad Integral de Servicios Comfanorte UISC Barrio el Tamaco
CENTRO DE EMPLEO,NORTE DE SANTANDER,TIBU,Carrera 6 No. 2-95 Unidad Integral de Servicios Comfanorte - UISC. Barrio Miraflores
CENTRO DE EMPLEO,NORTE DE SANTANDER,SAN JOSE DE CUCUTA,CALLE 9 No. 0-95 Mezanine - Edificio Comfanorte. Barrio Latino
CENTRO DE EMPLEO,NORTE DE SANTANDER,TIBU,CALLE 8 # 5-33 BARRIO EL CARMEN
CENTRO DE EMPLEO,NORTE DE SANTANDER,SAN JOSE DE CUCUTA,AVENIDA 2 No 13-75 BARRIO LA PLAYA
CENTRO DE EMPLEO,SUCRE,SINCELEJO,CALLE 28 No 25 B - 50
PUNTO DE SERVICIOS,TOLIMA,CHAPARRAL,Calle 9 No.8-64 Centro Comercial Linday -Piso 1º - Local B
PUNTO DE SERVICIOS,TOLIMA,ESPINAL,CALLE 10 No. 5-40
PUNTO DE SERVICIOS,TOLIMA,ESPINAL,Cra. 1 No.10-50 Centro Comercial Pijaos Mall -Piso 1º - Local 30
PUNTO DE SERVICIOS,TOLIMA,MELGAR,Carrera 21 No. 7-57/59
CENTRO DE EMPLEO,TOLIMA,IBAGUE,AVENIDA AMBALÁ CALLE 69 No 19-109 Piso 1
PUNTO DE SERVICIOS,TOLIMA,SAN SEBASTIAN DE MARIQUITA,CALLE 6 No. 2-104 Centro
CENTRO DE EMPLEO,ANTIOQUIA,ANDES,CARRERA 51 No. 49 A - 48.
CENTRO DE EMPLEO,ANTIOQUIA,BELLO,Diagonal 55 No.54-67 Local 1031 Centro Comercial Puerta del Norte
CENTRO DE EMPLEO,ANTIOQUIA,CAUCASIA,TRANSVERSAL 13 No. 14 C 18 EDIFICIO CÁMARA DE COMERCIO CAUCASIA
CENTRO DE EMPLEO,ANTIOQUIA,RIONEGRO,CARRERA 50 No 50-22 PISO 2
CENTRO DE EMPLEO,ANTIOQUIA,SABANETA,CALLE 51 SUR No 48 -57 etapa 3 local 3087 SEDE CENTRO COMERCIAL MAYORCA
PUNTO DE SERVICIOS,ANTIOQUIA,TURBO,Calle 104 No 1-26 Barrio Jesús Mora
CENTRO DE EMPLEO,ANTIOQUIA,PUERTO BERRIO,Calle 49 No.4-30
CENTRO DE EMPLEO,ANTIOQUIA,MEDELLIN,Cra. 49 NO. 54-62
CENTRO DE EMPLEO,ANTIOQUIA,MEDELLIN,Calle 49B No. 63-21 edificio Camacol Piso 1
CENTRO DE EMPLEO,ANTIOQUIA,APARTADO,APARTADO Calle 90 No.84-18 Km 1 - Vía Carepa
PUNTO DE SERVICIOS,ANTIOQUIA,LA CEJA,Calle 20 No.19-43 Piso 2°
CENTRO DE EMPLEO,ANTIOQUIA,SANTA ROSA DE OSOS,CARRERA 28 # 27-46
CENTRO DE EMPLEO,ANTIOQUIA,YARUMAL,Calle 22 No.19-17
CENTRO DE EMPLEO,ANTIOQUIA,SANTA FE DE ANTIOQUIA,Calle 10 No.11-29
CENTRO DE EMPLEO,BOLIVAR,CARTAGENA DE INDIAS,"Centro Empresarial Comfenalco vía Mamonal, Km 6.Centro Empresarial Parquiamerica"
CENTRO DE EMPLEO,BOLIVAR,CARTAGENA DE INDIAS,Transversal 54 No.21ª - 104. Centro empresarial bosque ejecutivo
CENTRO DE EMPLEO,BOLIVAR,MAGANGUE,Av. Colombia Calle 16 #13-25
CENTRO DE EMPLEO,BOLIVAR,SANTA CRUZ DE MOMPOX,Calle 19 del Moral No.1-36
CENTRO DE EMPLEO,QUINDIO,ARMENIA,Calle 16 # 15 -22 Torre B piso 1 Edificio Sede Comfenalco
CENTRO DE EMPLEO,SANTANDER,BUCARAMANGA,Carrera 30 No.51-54/72 Sotomayor
PUNTO DE SERVICIOS,SANTANDER,BUCARAMANGA,Carrera 8C # 34AN Bis 12 Café Madrid
PUNTO DE SERVICIOS,SANTANDER,BUCARAMANGA,Cra. 12 no. 16 N -84 Barrio Kennedy
PUNTO DE SERVICIOS,SANTANDER,BUCARAMANGA,Cra. 15 # 2-71 Local No. 8 Barrio. Chapinero CONJ. SOLERI
CENTRO DE EMPLEO,SANTANDER,FLORIDABLANCA,AVENIDA DEL COMERCIO PEATONAL 13-14 BUCARICA
PUNTO DE SERVICIOS,SANTANDER,PIEDECUESTA,CARRERA 15 N° 3 AN - 10 CENTRO COMERCIAL DE LA CUESTA LOCAL 320 A-B-C
CENTRO DE EMPLEO,SANTANDER,GIRON,CALLE 44 No 26-37 Poblado
CENTRO DE EMPLEO,TOLIMA,IBAGUE,Calle 36 entre carreras 5 y 6 EDIFICIO SEDE COMFENALCO TOLIMA PISO 2
CENTRO DE EMPLEO,TOLIMA,IBAGUE,"Calle 60 No. 8-37 Centro Comercial Acqua PowerCenter Piso L, Local 504-505"
CENTRO DE EMPLEO,VALLE DEL CAUCA,BUENAVENTURA,Carrera 4 No.3 - 33
CENTRO DE EMPLEO,VALLE DEL CAUCA,CALI,CALLE 7 No. 6-62
CENTRO DE EMPLEO,VALLE DEL CAUCA,CARTAGO,Calle 13 No.1-70
CENTRO DE EMPLEO,VALLE DEL CAUCA,PALMIRA,CALLE 31 # 29-54
CENTRO DE EMPLEO,VALLE DEL CAUCA,GUADALAJARA DE BUGA,CALLE 7 # 11-27
CENTRO DE EMPLEO,VALLE DEL CAUCA,TULUA,CARRERA 30 # 29-04 Club Colonial
CENTRO DE EMPLEO,ARAUCA,ARAUCA,Carrera 12 # 21-70 Barrio Unión
PUNTO DE SERVICIOS,ARAUCA,SARAVENA,Calle 28 con carrera 18 Esquina Barrio Modelo.
PUNTO DE SERVICIOS,ARAUCA,TAME,Calle 15 No. 21-11 Barrio San Miguel
CENTRO DE EMPLEO,CUNDINAMARCA,GIRARDOT,CARRERA 14 No 18-16. BARRIO LA ESTACIÓN.
CENTRO DE EMPLEO,CUNDINAMARCA,MOSQUERA,CALLE 3A N°1-108 ESTE CENTRO MOSQUERA
CENTRO DE EMPLEO,CUNDINAMARCA,SOACHA,CALLE 14 No 6-76 SOACHA CENTRO
CENTRO DE EMPLEO,CUNDINAMARCA,CAJICA,CARRERA 2 # 3-74
CENTRO DE EMPLEO,"BOGOTA, D.C.","BOGOTA, D.C.",CALLE 146 B No 91-60 SUBA. CERCA AL PARQUE DE SUBA
CENTRO DE EMPLEO,"BOGOTA, D.C.","BOGOTA, D.C.",Calle 40 Sur No.73D-23 Kennedy
CENTRO DE EMPLEO,"BOGOTA, D.C.","BOGOTA, D.C.",CALLE 68 N° 6-27 SEDE CHAPINERO
CENTRO DE EMPLEO,"BOGOTA, D.C.","BOGOTA, D.C.",TRANSVERSAL 86 B No 59B-75 SUR BOSA NOVA
CENTRO DE EMPLEO,"BOGOTA, D.C.","BOGOTA, D.C.",Calle 26 No 51-53
CENTRO DE EMPLEO,VALLE DEL CAUCA,YUMBO,Carrera 4 # 9 – 84 Barrio Bolívar
CENTRO DE EMPLEO,SANTANDER,BUCARAMANGA,Calle 48 # 28- 40 Primer piso
CENTRO DE EMPLEO,ANTIOQUIA,BELLO,CARRERA 51 No 51-62 Primer Piso
CENTRO DE EMPLEO,ANTIOQUIA,CALDAS,Carrera 51 # 127 sur - 41
CENTRO DE EMPLEO,CUNDINAMARCA,CHIA,CARRERA 10 No 8-74 Piso 1 Local 1 Centro comercial El Curubito
CENTRO DE EMPLEO,CUNDINAMARCA,FUNZA,"Calle 11 Carrera 9 Esquina, Edificio CISS"
CENTRO DE EMPLEO,RISARALDA,PEREIRA,Calle 19 No 9 - 75 Piso 1 Edificio Palacio Nacional
CENTRO DE EMPLEO,ANTIOQUIA,RIONEGRO,Calle 49 # 50-05 Centro Inteligente de Atención Ciudadana – CIAC
CENTRO DE EMPLEO,NORTE DE SANTANDER,SAN JOSE DE CUCUTA,SAN JOSE DE CUCUTÁ Calle 0 No.12-17 Pisos 1º y 2º Barrio Comuneros Atalaya
CENTRO DE EMPLEO,META,VILLAVICENCIO,Calle 41 No.31-02 Barrio Centro
CENTRO DE EMPLEO,AMAZONAS,LETICIA,Principal sede Lagos Kilometro 05 - La alterna es Calle 12 N°10-60 (Oficina principal)
CENTRO DE EMPLEO,ANTIOQUIA,CALDAS,"Km. 6 Vía la Pintada Caldas, Antioquia."
CENTRO DE EMPLEO,ANTIOQUIA,CAUCASIA,"Transversal 16 Nro. 33 - 102, Caucasia"
CENTRO DE EMPLEO,ANTIOQUIA,EL BAGRE,"Barrio Comodatos de Arriba Vía Zaragoza, El Bagre - Antioquia"
CENTRO DE EMPLEO,ANTIOQUIA,EL CARMEN DE VIBORAL,"Carrera 30 N.º 31-33, El Carmen de Viboral- Antioquia"
CENTRO DE EMPLEO,ANTIOQUIA,MARINILLA,Calle 30 #30 - 13 parque principal
CENTRO DE EMPLEO,ANTIOQUIA,RIONEGRO,"Cra. 48 No. 49-62, Sector San Francisco RioNegro"
CENTRO DE EMPLEO,ANTIOQUIA,SANTA ROSA DE OSOS,CALLE 29 No. 25-27
CENTRO DE EMPLEO,ANTIOQUIA,SAN ROQUE,Calle 20 Nº 20-22. Parque Educativo San Roque
CENTRO DE EMPLEO,ANTIOQUIA,PUERTO BERRIO,Calle 43 No. 20 - 137 Barrio la Malena
CENTRO DE EMPLEO,ANTIOQUIA,MEDELLIN,CALLE 48 Nº 28-01. Barrio Buenos Aires. Medellín
CENTRO DE EMPLEO,ANTIOQUIA,MEDELLIN,"Calle 51 No. 57-70, Medellín (Oficina Principal)"
CENTRO DE EMPLEO,ANTIOQUIA,MEDELLIN,"Cl. 76 No. 39 - 152, Barrio Manrique- Medellín"
CENTRO DE EMPLEO,ANTIOQUIA,MEDELLIN,Diagonal 104 # 69-120 (Pedregal Alto)
CENTRO DE EMPLEO,ANTIOQUIA,SANTA FE DE ANTIOQUIA,"Calle 11 No. 12-42, Santa Fé de Antioquia"
CENTRO DE EMPLEO,ANTIOQUIA,APARTADO,"COMPLEJO TECNOLÓGICO AGROINDUSTRIAL,PECUARIO Y TURÍSTICO, Kilometro 1 Salida Turbo, Apartadó"
CENTRO DE EMPLEO,ANTIOQUIA,ITAGUI,"Calle 63 No. 58 B - 03, Itagüí"
CENTRO DE EMPLEO,ANTIOQUIA,YONDO,Carrera 54 N.º 50-19. Coliseo Benito Arias
CENTRO DE EMPLEO,ARAUCA,ARAUCA,Calle 24 No. 19 17 Arauca (Oficina principal)
CENTRO DE EMPLEO,ARAUCA,ARAUQUITA,Calle 4ta · 7 - 36 Barrio Charala Arauquita
CENTRO DE EMPLEO,ARAUCA,SARAVENA,Carrera 16A No. 28-11 B. Seis de Octubre
CENTRO DE EMPLEO,ARAUCA,TAME,CARRERA 15 No 37-95 B. Araucarias
CENTRO DE EMPLEO,CALDAS,LA DORADA,Calle 15 Carrera 15 piso 2° local 201-4. Centro Comercial Dorada Plaza.
CENTRO DE EMPLEO,CALDAS,LA DORADA,Carrera 1 calle 42 esquina Barrio Alfonso Lopez. La Dorada
CENTRO DE EMPLEO,CALDAS,MANIZALES,"Carrera 23 Nro. 25 - 32, Edificio Esponsión, Piso 3 (Oficina principal)"
CENTRO DE EMPLEO,CASANARE,PAZ DE ARIPORO,Km 6 vía Pore – Paz de Ariporo
CENTRO DE EMPLEO,CASANARE,YOPAL,Carrera 19 Nro. 36 - 68 (Oficina principal)
CENTRO DE EMPLEO,CAUCA,SANTANDER DE QUILICHAO,"Carrera 11 No. 6-31, SENA Sede Zona Norte"
CENTRO DE EMPLEO,CAUCA,POPAYAN,CALLE 4 Nro. 2 – 67 Popayán (Oficina principal)
CENTRO DE EMPLEO,CESAR,AGUACHICA,"Carretera al mar, vía Bucaramanga oficina SENA Centro Agroempresarial de Aguachica"
CENTRO DE EMPLEO,CESAR,BOSCONIA,Carrera 14 A No.20-04
CENTRO DE EMPLEO,CESAR,CHIMICHAGUA,"Sector Chambacú, barrio Villa Esther"
CENTRO DE EMPLEO,CESAR,LA JAGUA DE IBIRICO,"Transversal 6 No. 4 105 Edificio Minercol, Centro de Operación y Mantenimiento Minero"
CENTRO DE EMPLEO,CESAR,SAN ALBERTO,Calle 2B No.16-26.
CENTRO DE EMPLEO,CESAR,VALLEDUPAR,Carrera 19 entre calles 14 y 15 (Oficina principal)
CENTRO DE EMPLEO,CESAR,CURUMANI,Calle 4 No. 20-33 Barrio Camilo Torres.
CENTRO DE EMPLEO,CESAR,CHIRIGUANA,Barrio El Senado.
CENTRO DE EMPLEO,CUNDINAMARCA,ANAPOIMA,Calle 2 No. 3-36 Centro
CENTRO DE EMPLEO,CUNDINAMARCA,COTA,Cr. 5 No. 1-97 Centro Comercial Cedro Mall piso 2
CENTRO DE EMPLEO,CUNDINAMARCA,EL COLEGIO,Calle 10 No. 6-40
CENTRO DE EMPLEO,CUNDINAMARCA,GIRARDOT,Carrera 10 No 30 - 04 Centro De La Tecnología Del Diseño Y La Productividad Empresarial
CENTRO DE EMPLEO,CUNDINAMARCA,GUADUAS,Calle 4 Carrera 1 Este Barrio Centro
CENTRO DE EMPLEO,CUNDINAMARCA,GUASCA,Calle 4 No. 3-48 Alcaldía de Guasca Secretaria de Desarrollo Económico
CENTRO DE EMPLEO,CUNDINAMARCA,LA MESA,Alcaldía Municipal La Mesa segundo piso.
CENTRO DE EMPLEO,CUNDINAMARCA,MADRID,Carrera 7 No 8-52 Barrio Centro Madrid
CENTRO DE EMPLEO,CUNDINAMARCA,MOSQUERA,Centro de Biotecnología Agropecuaria Km 7 vía Bogotá - Mosquera
CENTRO DE EMPLEO,CUNDINAMARCA,MOSQUERA,"Cra. 2 #2 68, Mosquera"
CENTRO DE EMPLEO,CUNDINAMARCA,PUERTO SALGAR,Tv 11 a 11-33 Puerto Salgar
CENTRO DE EMPLEO,CUNDINAMARCA,RICAURTE,"Alcaldía de Ricaurte - Secretaría de Turismo, Cultura y Emprendimiento Sede Pacandé"
CENTRO DE EMPLEO,CUNDINAMARCA,SOACHA,CIDE SOACHA - Calle 13 # 10 - 93
CENTRO DE EMPLEO,CUNDINAMARCA,TABIO,Cra. 5 No. 4-27
CENTRO DE EMPLEO,CUNDINAMARCA,TENJO,Calle 3 No. 3-32. Tenjo
CENTRO DE EMPLEO,CUNDINAMARCA,VILLETA,Calle 2 No 13 - 03 Barrio San Rafael Centro De Desarrollo Agroindustrial Y Empresarial
CENTRO DE EMPLEO,CUNDINAMARCA,NILO,Calle 5 No. 3-16 Barrio Centro Edificio Casa De La Cultura 3 Piso
CENTRO DE EMPLEO,CUNDINAMARCA,LA CALERA,Cra. 3 No. 6 - 10
CENTRO DE EMPLEO,CUNDINAMARCA,SAN JUAN DE RIOSECO,KM.5 + 907 Peaje cambao San Juan de Rioseco
CENTRO DE EMPLEO,CUNDINAMARCA,CHIPAQUE,Calle 5 No 4 16 Palacio Municipal Chipaque
CENTRO DE EMPLEO,CUNDINAMARCA,ZIPAQUIRA,Calle 1 No. 7 - 31. Zipaquirá.
CENTRO DE EMPLEO,CUNDINAMARCA,FUSAGASUGA,Avenida Manuel Humberto Cardenas Velez - Calle 16 Fusagasuga
CENTRO DE EMPLEO,CUNDINAMARCA,CHIA,"Vereda Bojaca, Carrera 11, Sector el Darién Lote 1 Chía - Cundinamarca"
CENTRO DE EMPLEO,CUNDINAMARCA,SOPO,"Cll 1 No. 2-49, Sopo"
CENTRO DE EMPLEO,CUNDINAMARCA,SIBATE,Sibaté - Subsede La Colonia 2 Vía Sibaté
CENTRO DE EMPLEO,CUNDINAMARCA,VILLAPINZON,Cra 5 No. 4-25
CENTRO DE EMPLEO,CUNDINAMARCA,NEMOCON,Calle 3 No. 3-21 Centro Nemocón
CENTRO DE EMPLEO,CUNDINAMARCA,GACHANCIPA,CALLE 6 A # 3 - 46 Gachancipá
CENTRO DE EMPLEO,GUAVIARE,SAN JOSE DEL GUAVIARE,"Carrera 24 No. 7-10, Barrio Centro, San José Guaviare (Oficina principal)"
CENTRO DE EMPLEO,HUILA,CAMPOALEGRE,"Km 38 Vía Al Sur De Neiva, Centro de Formación Agroindutrial la Angostura"
CENTRO DE EMPLEO,HUILA,LA PLATA,Carrera 7 No 5-67- La Plata Centro Agroempresarial y Desarrollo Turístico del Huila
CENTRO DE EMPLEO,HUILA,NEIVA,Carrera 5a. No 16-16 (Oficina principal)
CENTRO DE EMPLEO,HUILA,NEIVA,Cr 8. No. 7 Esquina Neiva Parque de la Música
CENTRO DE EMPLEO,HUILA,PITALITO,Carrera 8a No. 7-53 Centro de Gestión y Desarrollo Sostenible Surcolombiano
CENTRO DE EMPLEO,HUILA,PITALITO,"Cra 3 N. 4-78 Centro Administrativo ""La Chapolera"""
CENTRO DE EMPLEO,HUILA,GARZON,"Carrera 10 No. 11-22, Garzón Centro Agroempresarial Desarrollo Pecuario"
CENTRO DE EMPLEO,LA GUAJIRA,FONSECA,"Km 1 - Vìa Barrancas, Centro Agroempresarial Y Acuicola"
CENTRO DE EMPLEO,LA GUAJIRA,MAICAO,Calle 16 -Nº.44-46 Salida A Riohacha
CENTRO DE EMPLEO,LA GUAJIRA,RIOHACHA,"Calle 21 con carrera 15 esquina, vía aeropuerto (Oficina principal)"
CENTRO DE EMPLEO,MAGDALENA,SANTA MARTA,Avenida del Ferrocarril Nro. 27 - 97 (Oficina principal)
CENTRO DE EMPLEO,META,VILLAVICENCIO,Cra. 48 No. 06-40 Urbanización Guayuriba (Oficina principal)
CENTRO DE EMPLEO,META,PUERTO GAITAN,Puerto Gaitán - Km 1 vía Villavicencio - contiguo finca El Bolsillo - frente urbanización Las Margaritas
CENTRO DE EMPLEO,NARIÑO,IPIALES,Carrera 7 No. 24A - 48
CENTRO DE EMPLEO,NARIÑO,PASTO,Calle 16 No. 24-38 Centro Comercial La 16 3er piso
CENTRO DE EMPLEO,NARIÑO,PASTO,Carrera 25 No. 20 - 65 Edificio Calle Real - Oficina 210 (Oficina principal)
CENTRO DE EMPLEO,NARIÑO,SAN ANDRES DE TUMACO,"SENA Sede Muelle, Calle del Comercio"
CENTRO DE EMPLEO,NORTE DE SANTANDER,OCAÑA,"Calle 12 No. 10-40 Barrio El Tamaco, Ocaña"
CENTRO DE EMPLEO,NORTE DE SANTANDER,PAMPLONA,Carrera 5 No. 4 - 18 Pamplona
CENTRO DE EMPLEO,NORTE DE SANTANDER,SAN JOSE DE CUCUTA,Calle 11 No.5-49 Piso 1 Palacio Municipal
CENTRO DE EMPLEO,NORTE DE SANTANDER,SAN JOSE DE CUCUTA,Calle 2N Avenida 5a Esquina Barrio Pescadero (Oficina principal)
CENTRO DE EMPLEO,PUTUMAYO,MOCOA,Barrio Jardín diagonal a Ecopetrol
CENTRO DE EMPLEO,PUTUMAYO,MOCOA,"Calle 10 No. 13-50, Barrio San Agustín. Mocoa"
CENTRO DE EMPLEO,PUTUMAYO,PUERTO ASIS,Carrera 23 No. 19-06 Barrio 20 de julio. (Oficina principal)
CENTRO DE EMPLEO,QUINDIO,ARMENIA,Calle 20 No. 13 22 Instalaciones Gobernación Armenia
CENTRO DE EMPLEO,QUINDIO,ARMENIA,Calle 7 Nro. 18-21 (Oficina principal)
CENTRO DE EMPLEO,QUINDIO,ARMENIA,Carrera 14 No. 23-15 Armenia
CENTRO DE EMPLEO,QUINDIO,ARMENIA,"Punto vive digital Centenario: Comuna 1, kilómetro 1 Vía al Aeropuerto El Edén, Estadio Centenario Piso 2 Imdera"
CENTRO DE EMPLEO,QUINDIO,ARMENIA,"Punto vive digital Ciudad Dorada: Comuna 3, Barrio Ciudad Dorada, Manzana 16 Lote 1."
CENTRO DE EMPLEO,QUINDIO,ARMENIA,"Punto vive digital Libreros: Comuna 7, Calle 20 No. 15-25 Barrio Centro. Armenia"
CENTRO DE EMPLEO,QUINDIO,ARMENIA,"Punto vive digital San José: Comuna 6, Carrera 32 Calle 24 En el paraje del barrio San José, denominado Linares, Diagonal al antiguo Estadio San José. Armenia"
CENTRO DE EMPLEO,QUINDIO,ARMENIA,"Punto vive digital Santander: Comuna 4, Calle 36 No. 26-36 Barrio Santander"
CENTRO DE EMPLEO,QUINDIO,FILANDIA,"Cra. 6 No. 6-09, Filandia, Quindío"
CENTRO DE EMPLEO,QUINDIO,LA TEBAIDA,Calle 7 No. 10-2 La Tebaida
CENTRO DE EMPLEO,QUINDIO,MONTENEGRO,Carrera 6 Calle 17 Esquina Tercer Piso- Montenegro
CENTRO DE EMPLEO,QUINDIO,CALARCA,Carrera 24 No. 39-54 Cuarto piso Edificio EMCA
CENTRO DE EMPLEO,QUINDIO,CORDOBA,Carrera 10 Calle 14 Esquina - Córdoba Quindío
CENTRO DE EMPLEO,RISARALDA,DOSQUEBRADAS,Av. Simón Bolívar No 36-44 Centro Administrativo Municipal CAM Dosquebradas - Piso 3 Secretaria de Desarrollo Economico y Competitividad
CENTRO DE EMPLEO,RISARALDA,PEREIRA,"Carrera 8 No. 26-79, El centro (Oficina principal)"
CENTRO DE EMPLEO,SANTANDER,BARRANCABERMEJA,"Carrera 28 No. 56-10, Barrio Galán- Centro Industrial Y Del Desarrollo Tecnológico"
CENTRO DE EMPLEO,SANTANDER,BUCARAMANGA,"Carrera 27 # 15 – 07, primer piso (Oficina principal)"
CENTRO DE EMPLEO,SANTANDER,BUCARAMANGA,Cl. 41 #10-40 Detrás de la Gobernación.
CENTRO DE EMPLEO,SANTANDER,PIEDECUESTA,"Carrera 6 Nº 9 - 98, Barrio Centro"
CENTRO DE EMPLEO,SANTANDER,RIONEGRO,"Carrera 12 No. 10- 23, Barrio Centro"
CENTRO DE EMPLEO,SANTANDER,SAN GIL,"Calle 22 No. 9-82 Centro Agroturístico,"
CENTRO DE EMPLEO,SANTANDER,VELEZ,"Transversal 8 No. 8a-50, Centro De Gestión Agroempresarial Del Oriente"
CENTRO DE EMPLEO,SANTANDER,MALAGA,"Carrera 11 No. 13-13, Barrio Ricaurte, Centro Agroempresarial Y Turístico De Los Andes"
CENTRO DE EMPLEO,SUCRE,SINCELEJO,Calle 25 B No 31-260 Avenida mariscal (Oficina principal)
CENTRO DE EMPLEO,TOLIMA,MELGAR,Carrera 22 No. 5 - 72 Esquina Barrio Centro
CENTRO DE EMPLEO,TOLIMA,IBAGUE,"Avenida del Ferrocarril, Transversal 1 No. 42-44, Ibagué (Oficina principal)"
CENTRO DE EMPLEO,TOLIMA,IBAGUE,Carrera 2a. No. 12-58 Edificio Blue Center piso 9 Ibagué
CENTRO DE EMPLEO,VALLE DEL CAUCA,BUENAVENTURA,Calle 6 No. 10-42 Edificio Puerto Príncipe
CENTRO DE EMPLEO,VALLE DEL CAUCA,CALI,"Calle 23N No. 2N-38, B/San Vicente, Cali (Oficina principal)"
CENTRO DE EMPLEO,VALLE DEL CAUCA,CALI,Calle 72 K # 26 J-97Barrio el Pondaje Centro de DiseñoTecnológicoIndustrial
CENTRO DE EMPLEO,VALLE DEL CAUCA,CARTAGO,"Carrera 9 No. 12 - 141, Barrio Tres Esquinas Centro de Tecnologias Agroindustriales"
CENTRO DE EMPLEO,VALLE DEL CAUCA,PALMIRA,Calle 40 # 30-44 Centro de Biotecnología Industrial
CENTRO DE EMPLEO,VALLE DEL CAUCA,PRADERA,Calle 6 # 3-71 Barrio Misericordia-Pradera Valle
CENTRO DE EMPLEO,VALLE DEL CAUCA,GUADALAJARA DE BUGA,Carrera 19 # 6 -01 – Antigua Estación del Ferrocarril
CENTRO DE EMPLEO,VALLE DEL CAUCA,CANDELARIA,"Calle 8 Carrera 5 esquina, Barrio María Auxiliadora"
CENTRO DE EMPLEO,VALLE DEL CAUCA,TULUA,Calle 28 No. 19-38 Esquina-Centro Comercial Bicentenario Plaza Local 204. Tulúa
CENTRO DE EMPLEO,VICHADA,PUERTO CARREÑO,"Carrera 10 No. 15-41, Barrio Tamarindo, Puerto Carreño (Oficina principal)"
CENTRO DE EMPLEO,"BOGOTA, D.C.","BOGOTA, D.C.","Calle 65 Nro. 11-70, Chapinero, Bogotá (Oficina principal)"
CENTRO DE EMPLEO,"BOGOTA, D.C.","BOGOTA, D.C.",Diagonal 45 D # 19-72 (principal cundinamarca)
CENTRO DE EMPLEO,"BOGOTA, D.C.","BOGOTA, D.C.","Transversal 78J Número 41 D - 15 Sur - Primer piso Localidad Kennedy (Centro de Formación en Actividad Física, y Cultura)"
CENTRO DE EMPLEO,BOYACA,DUITAMA,Carrera 18 No. 17 - 30 Oficina 5 Antiguas instalaciones de Terminal de Transportes
CENTRO DE EMPLEO,BOYACA,GARAGOA,"Calle 10 No. 9-17, Garagoa"
CENTRO DE EMPLEO,BOYACA,MIRAFLORES,Carrera 6 No. 3-07 sede ESAP
CENTRO DE EMPLEO,BOYACA,NOBSA,Carrera 1 Calle 6 sede de la Biblioteca Digital
CENTRO DE EMPLEO,BOYACA,PAIPA,Calle 25 No. 20-08 Biblioteca Municipal- Primer Piso
CENTRO DE EMPLEO,BOYACA,SOGAMOSO,Carrera 12 No. 55A - 51 Centro Multisectorial de Sogamoso
CENTRO DE EMPLEO,BOYACA,TUNJA,Carrera 10 No. 16-32 segundo piso. Teatro Cultural del Centro de Empleo y Emprendimiento. Barrio Centro
CENTRO DE EMPLEO,BOYACA,TUNJA,"Carrera 9 No. 28-34, Tunja (Oficina principal)"
CENTRO DE EMPLEO,BOYACA,CHIQUINQUIRA,"Carrera 8 No. 14-68, Chiquinquirá"
CENTRO DE EMPLEO,BOYACA,MONIQUIRA,Avenida 4-57 Calle 18 47 Alcaldía Moniquirá Primer piso
CENTRO DE EMPLEO,ATLANTICO,BARRANQUILLA,"Av. Circunvalar, Cra 15 Sur 46-500 Junto a IE Germán Vargas Cantillo"
CENTRO DE EMPLEO,ATLANTICO,BARRANQUILLA,Av. Cordialidad Cra 6 No. 60B-110 Junto a Estación de Policía El Bosque
CENTRO DE EMPLEO,ATLANTICO,BARRANQUILLA,Calle 30 No. 3 E -164 Piso 1 Centro Industrial y de Aviación
CENTRO DE EMPLEO,ATLANTICO,BARRANQUILLA,Carrera 43 Nro. 42-40 piso 3 (Oficina principal)
CENTRO DE EMPLEO,ATLANTICO,BARRANQUILLA,Cra 54 No. 49-09 Frente a la Casa del Carnaval Barrio Abajo
CENTRO DE EMPLEO,ATLANTICO,BARRANQUILLA,Diagonal 136 No. 9G-20 Urbanización Villas de San Pablo
CENTRO DE EMPLEO,ATLANTICO,SABANALARGA,"Calle 9 No. 19-120, Sabanalarga"
CENTRO DE EMPLEO,ATLANTICO,SOLEDAD,Cra 24 con Calle 48 Junto a CDI Normandía
CENTRO DE EMPLEO,CORDOBA,MONTERIA,Calles 24 y 27 con Avenida Circunvalar (Oficina principal)
CENTRO DE EMPLEO,CORDOBA,MONTELIBANO,"Cra 23 -176, Cl. 25 # 232 – Montelíbano Córdoba"
CENTRO DE EMPLEO,BOLIVAR,CARTAGENA DE INDIAS,"Avenida Pedro de Heredia, Sector Tesca los 4 vientos"
CENTRO DE EMPLEO,BOLIVAR,CARTAGENA DE INDIAS,"Km 5 vía a Mamonal, Centro Náutico, Fluvial y Portuario"
CENTRO DE EMPLEO,BOLIVAR,CARTAGENA DE INDIAS,"Ternera Km 1 Via Turbaco, Cartagena. Centro Multisectorial Ternera (Oficina Principal)"
CENTRO DE EMPLEO,BOLIVAR,SANTA CRUZ DE MOMPOX,Casa Cabildo Mompox
CENTRO DE EMPLEO,CHOCO,QUIBDO,"Carrera 1 Nro. 28 - 71, Barrio Cristo Rey (Oficina principal)"
CENTRO DE EMPLEO,CAQUETA,FLORENCIA,"Carrera 14 No 5 B – 60 Barrio Juan XXIII, Florencia Caquetá. (Oficina principal)"
CENTRO DE EMPLEO,GUAINIA,PUERTO INIRIDA,"Transversal 6 No. 29A-55, Vía al Coco, Inírida (Oficina principal)"
CENTRO DE EMPLEO,VAUPES,MITU,"Avenida 15 No. 6-184, Barrio San José, Mitú (Oficina principal)"
CENTRO DE EMPLEO,"ARCHIPIELAGO DE SAN ANDRES, PROVIDENCIA Y SANTA CATALINA",PROVIDENCIA,"Barrio Old Town- Pueblo viejo, Providencia Isla"
CENTRO DE EMPLEO,"ARCHIPIELAGO DE SAN ANDRES, PROVIDENCIA Y SANTA CATALINA",SAN ANDRES,"SENA, Avenida Francisco Newball, San Andrés (Oficina principal)"
CENTRO DE EMPLEO,MAGDALENA,SANTA MARTA,Calle 14 No.2-103 Centro Histórico
PUNTO DE SERVICIOS,ANTIOQUIA,MEDELLIN,Diagonal 60D No.41C-59 Centro de Desarrollo Social Pradito - CDS
PUNTO DE SERVICIOS,ANTIOQUIA,MEDELLIN,PALMITAS CASA DE GOBIERNO CALLE 20 # 35-114
CENTRO DE EMPLEO,META,PUERTO GAITAN,Carrera 14 No. 12-11 Barrio Villa Ortiz
CENTRO DE EMPLEO,ANTIOQUIA,SABANETA,Cll. 75 Sur No.3-202 Piso 2 Centro Comercial Aves María
CENTRO DE EMPLEO,CUNDINAMARCA,TOCANCIPA,Cra. 7 No.11-73 Centro
CENTRO DE EMPLEO,META,ACACIAS,Carrera 15 No.12-50 Barrio Centro
CENTRO DE EMPLEO,META,CASTILLA LA NUEVA,"Calle 4 No. 4-19, Barrio La Shell"
PUNTO DE SERVICIOS,ATLANTICO,GALAPA,CALLE 10 N° 17A-26
PUNTO DE SERVICIOS,ATLANTICO,MALAMBO,CARRERA 17 N°11-12
PUNTO DE SERVICIOS,ATLANTICO,PUERTO COLOMBIA,CARRERA 4 N°2-18
CENTRO DE EMPLEO,ATLANTICO,SOLEDAD,Carrera 17 No. 40-48 Barrio la Ilusión
CENTRO DE EMPLEO,"BOGOTA, D.C.","BOGOTA, D.C.",Carrera 13 No. 27 – 84 - Edificio Centro Internacional
CENTRO DE EMPLEO,SANTANDER,BARRANCABERMEJA,Cra 17 No. D48A- 06 Barrio Colombia
PUNTO DE SERVICIOS,SANTANDER,BARRANCABERMEJA,CORREGIMIENTO EL CENTRO Vereda Pueblo Regao
PUNTO DE SERVICIOS,SANTANDER,PUERTO WILCHES,Carrera 3 Nº 5-64 Barrio el centro
CENTRO DE EMPLEO,CUNDINAMARCA,GIRARDOT,Carrera 11 No. 19 – 21
CENTRO DE EMPLEO,CUNDINAMARCA,MADRID,CALLE 7 No. 14 B-25
CENTRO DE EMPLEO,CUNDINAMARCA,ZIPAQUIRA,CALLE 6 No 7-12
CENTRO DE EMPLEO,"BOGOTA, D.C.","BOGOTA, D.C.",Av. Boyacá No 15-98-Centro Comercial el Edén. Local 1079
CENTRO DE EMPLEO,"BOGOTA, D.C.","BOGOTA, D.C.",AVENIDA CARRERA 68 No. 90-88 FLORESTA
CENTRO DE EMPLEO,"BOGOTA, D.C.","BOGOTA, D.C.",CALLE 27 SUR No. 26-24. BARRIO CENTENARIO
CENTRO DE EMPLEO,"BOGOTA, D.C.","BOGOTA, D.C.",CALLE 65 SUR No 78G-08. BOSA
CENTRO DE EMPLEO,"BOGOTA, D.C.","BOGOTA, D.C.",CARRERA 91 No. 139-34 LOCAL 2. CENTRO DE SERVICIOS CAFAM. SUBA
CENTRO DE EMPLEO,"BOGOTA, D.C.","BOGOTA, D.C.",CARRERA 99 N°17-40. LOCAL 1 FONTIBÓN.
CENTRO DE EMPLEO,TOLIMA,ESPINAL,Calle 10 No 3-88 Barrio Centro
CENTRO DE EMPLEO,ATLANTICO,BARRANQUILLA,Carrera 58 No. 75 -58 sede Prado
CENTRO DE EMPLEO,ATLANTICO,SABANALARGA,Calle 22 # 16 b - 103 Local 1 Barrio Centro
CENTRO DE EMPLEO,ATLANTICO,SOLEDAD,Calle 35 # 36 - 24 (Mario Santodomingo)
PUNTO DE SERVICIOS,CALDAS,ANSERMA,"CR 4 No. 7-16 CENTRO COMERCIAL RESTREPO, PARQUE PRINCIPAL"
PUNTO DE SERVICIOS,CALDAS,LA DORADA,CARRERA 3 No 14-49 PISO 2
CENTRO DE EMPLEO,CALDAS,MANIZALES,Carrera 23 No 62-39 Centro Empresarial Capitalia. Segundo piso
PUNTO DE SERVICIOS,CALDAS,MANZANARES,Calle 7 No. 4-16 Piso 1 Centro
PUNTO DE SERVICIOS,CALDAS,RIOSUCIO,CALLE 6 No. 6 - 13 CALLE PEATONAL
PUNTO DE SERVICIOS,CALDAS,SALAMINA,SALAMINA Carrera 7 No.4-05 Esquina Parque Principal
PUNTO DE SERVICIOS,CALDAS,CHINCHINA,Carrera 9 No. 9-66
CENTRO DE EMPLEO,NARIÑO,IPIALES,Carrera 5 No.12-123 Parque San Felipe Sede Administrativa
CENTRO DE EMPLEO,NARIÑO,PASTO,Calle 22 No.38-09 Barrio Morasurco
CENTRO DE EMPLEO,NARIÑO,PASTO,Diagonal 17 No.1-34 Barrio Miraflores Piso 1
CENTRO DE EMPLEO,NARIÑO,SAN ANDRES DE TUMACO,Avenida de los Estudiantes Casa 3 - Piso 1 Barrio Madenar
