original_region,name,address,lat,lon,formatted,name,housenumber,street,postcode,district,suburb,city,county,state,country,country_code,confidence,confidence_city_level,confidence_street_level,attribution,attribution_license,attribution_url
uusimaa,"Uudenmaan TE-toimisto,
Helsinki, Kampin toimipaikka","Antinkatu 1, 2. kerros, 00100 Helsinki",60.1704439,24.931658,"Antinkatu 1, 00100 Helsinki, Suomi",,1,Antinkatu,100,Eteläinen suurpiiri,Kamppi,Helsinki,Uusimaa,Manner-Suomi,Suomi,fi,1,1,1,© OpenStreetMap contributors,Open Database License,https://www.openstreetmap.org/copyright
uusimaa,"Uudenmaan TE-toimisto,
Helsinki, Pasilan toimipaikka","Ratapihantie 7, 00520 Helsinki",60.1992178,24.9350681,"Uudenmaan TE-toimisto, Ratapihantie 7, 00520 Helsinki, Suomi",Uudenmaan TE-toimisto,7,Ratapihantie,520,Keskinen suurpiiri,Pasila,Helsinki,Uusimaa,Manner-Suomi,Suomi,fi,1,1,1,© OpenStreetMap contributors,Open Database License,https://www.openstreetmap.org/copyright
uusimaa,"Uudenmaan TE-toimisto, Leppävaara","Kauppakeskus Sello, Leppävaarankatu 3-9, 02600 Espoo. Palvelemme kauppakeskuksen 2. kerroksessa rautatieaseman puolella.",60.2159019,24.81394592,"Leppävaara, 02600 Espoo, Suomi",Leppävaara,,,2600,Suur-Leppävaara,Leppävaara,Espoo,Uusimaa,Manner-Suomi,Suomi,fi,0.25,1,,© OpenStreetMap contributors,Open Database License,https://www.openstreetmap.org/copyright
uusimaa,"Uudenmaan TE-toimisto, Hyvinkää","Urakankatu 1, 05900 Hyvinkää",60.63415,24.850425,"Urakankatu 1, 05900 Hyvinkää, Suomi",,1,Urakankatu,5900,Hyvinkää,,Hyvinkää,Uusimaa,Etelä-Suomi,Suomi,fi,0.9,1,1,© OpenAddresses contributors,BSD-3-Clause License,
uusimaa,Karjaan neuvontapalvelu,"Elina Kurjenkatu 11 A, 10300, Karjaa ",60.069268,23.656134,"Elina Kurjenkatu 11, 10301 Raasepori, Suomi",,11,Elina Kurjenkatu,10301,Karjaa,Läpp,Raasepori,Uusimaa,Etelä-Suomi,Suomi,fi,1,1,1,© OpenAddresses contributors,BSD-3-Clause License,
uusimaa,"Uudenmaan TE-toimisto, Järvenpää","Mannilantie 28 A, 04400 Järvenpää",60.470573,25.091779,"Mannilantie 26-28, 04400 Järvenpää, Suomi",,26-28,Mannilantie,4400,Järvenpää,,Järvenpää,Uusimaa,Etelä-Suomi,Suomi,fi,0.870967742,1,1,© OpenAddresses contributors,BSD-3-Clause License,
uusimaa,"Uudenmaan TE-toimisto, Lohja","Nummentie 12–14, 08100 Lohja",60.25185,24.07385,"Nummentie 12-14, 08100 Lohja, Suomi",,Dec-14,Nummentie,8100,Lohja,,Lohja,Uusimaa,Etelä-Suomi,Suomi,fi,0.5,1,1,© OpenAddresses contributors,BSD-3-Clause License,
uusimaa,"Uudenmaan TE-toimisto, Porvoo","Mannerheiminkatu 20 D, 06100 Porvoo",60.396003,25.665691,"Mannerheiminkatu 20, 06100 Porvoo, Suomi",,20,Mannerheiminkatu,6100,Porvoo,,Porvoo,Uusimaa,Etelä-Suomi,Suomi,fi,1,1,1,© OpenAddresses contributors,BSD-3-Clause License,
uusimaa,"Uudenmaan TE-toimisto, Vantaa","Vernissakatu 1, 01300 Vantaa, 5. kerros",60.29083075,25.04608052,"Vernissakatu 1, 01300 Vantaa, Suomi",,1,Vernissakatu,1300,Tikkurilan suuralue,Jokiniemi,Vantaa,Uusimaa,Manner-Suomi,Suomi,fi,1,1,1,© OpenStreetMap contributors,Open Database License,https://www.openstreetmap.org/copyright
varsinaissuomi,Loimaa,"Vareliuksenkatu 2 A, 32200 Loimaa",60.85099,23.052095,"Vareliuksenkatu 2, 32200 Loimaa, Suomi",,2,Vareliuksenkatu,32200,Loimaa,,Loimaa,Varsinais-Suomi,Lounais-Suomi,Suomi,fi,1,1,1,© OpenAddresses contributors,BSD-3-Clause License,
varsinaissuomi,Salo,"Torikatu 4, 24100 Salo",60.385037,23.130679,"Torikatu 4, 24100 Salo, Suomi",,4,Torikatu,24100,Salo,,Salo,Varsinais-Suomi,Lounais-Suomi,Suomi,fi,1,1,1,© OpenAddresses contributors,BSD-3-Clause License,
varsinaissuomi,Turku,"Itsenäisyydenaukio 2,  20800 Turku",60.445132,22.262978,"Itsenäisyydenaukio 2, 20800 Turku, Suomi",,2,Itsenäisyydenaukio,20800,Turku,Urheilupuisto III,Turku,Varsinais-Suomi,Lounais-Suomi,Suomi,fi,0.95,1,0.95,© OpenAddresses contributors,BSD-3-Clause License,
varsinaissuomi,Uusikaupunki,"Rantakatu 25, 23500 Uusikaupunki",60.7994655,21.4126146,"Rantakatu 25, 23500 Uusikaupunki, Suomi",,25,Rantakatu,23500,,Sorvakko,Uusikaupunki,Varsinais-Suomi,Manner-Suomi,Suomi,fi,1,1,1,© OpenStreetMap contributors,Open Database License,https://www.openstreetmap.org/copyright
satakunta,Pori,"Teljänkatu 5, Pori",61.477527,21.811598,"Pori, Satakunnan maakunta, Suomi",,,,,Pori,,Pori,Satakunnan maakunta,Lounais-Suomi,Suomi,fi,0.25,1,,,,https://www.whosonfirst.org/docs/licenses/
satakunta,Rauma,"Aittakarinkatu 21,Rauma",61.1262407,21.4900729,"Aittakarinkatu 21, 26100 Rauma, Suomi",,21,Aittakarinkatu,26100,,Sinisaari,Rauma,Satakunta,Manner-Suomi,Suomi,fi,1,1,1,© OpenStreetMap contributors,Open Database License,https://www.openstreetmap.org/copyright
satakunta,Harjavalta,"Harjavallankatu 6, 29200 Harjavalta",61.312393,22.148201,"Harjavallankatu 6, 29200 Harjavalta, Suomi",,6,Harjavallankatu,29200,Harjavalta,,Harjavalta,Satakunnan maakunta,Lounais-Suomi,Suomi,fi,1,1,1,© OpenAddresses contributors,BSD-3-Clause License,
satakunta,Kankaanpää,"Keskuskatu 42, 38700 Kankaanpää",61.801514,22.395671,"Keskuskatu 50, 38700 Kankaanpää, Suomi",,50,Keskuskatu,38700,Kankaanpää,,Kankaanpää,Satakunnan maakunta,Lounais-Suomi,Suomi,fi,0.7,1,1,© OpenAddresses contributors,BSD-3-Clause License,
hame,Forssa,"Hämeentie 7, 30100 Forssa (Torikeskus Business Center)",60.81976568,23.64400998,"Kalliomäki, 30100 Forssa, Suomi",Kalliomäki,,,30100,,Kalliomäki,Forssa,Kanta-Häme,Manner-Suomi,Suomi,fi,0.25,1,,© OpenStreetMap contributors,Open Database License,https://www.openstreetmap.org/copyright
hame,Hämeenlinna,"Höyrysahanraitti 1D, PL 105, 13200 Hämeenlinna",60.569948,27.226031,"Karjalankatu 1d, 49400 Hamina, Suomi",,1d,Karjalankatu,49400,Hamina,,Hamina,Kymenlaakso,Etelä-Suomi,Suomi,fi,0,,,© OpenAddresses contributors,BSD-3-Clause License,
hame,Lahti,"Kirkkokatu 12, PL 84, 15140 Lahti",60.98488285,25.66680976,"Kirkkokatu 12, 15140 Lahti, Suomi",,12,Kirkkokatu,15140,,Paavola,Lahti,Päijät-Häme,Manner-Suomi,Suomi,fi,1,1,1,© OpenStreetMap contributors,Open Database License,https://www.openstreetmap.org/copyright
hame,Riihimäki,"Temppelikatu 2, PL 61, 11100 Riihimäki",60.736146,24.769129,"Temppelikatu 2, 11100 Riihimäki, Suomi",,2,Temppelikatu,11100,Riihimäki,,Riihimäki,Kanta-Häme,Etelä-Suomi,Suomi,fi,0.852941176,1,1,© OpenAddresses contributors,BSD-3-Clause License,
pirkanmaa,Pirkanmaan TE-toimiston asiointi- ja yhteystiedot,"Pirkanmaan TE-toimisto/Kirjaamo, PL 297, 33101 Tampere",61.450014,23.892276,"Pirkanmaan Levytyö, Tampere, Suomi",,,Pirkanmaan Levytyö,,Tampere,Rusko,Tampere,Pirkanmaa,Länsi ja Sisä-Suomi,Suomi,fi,1,1,,© OpenStreetMap contributors,Open Database License,https://www.openstreetmap.org/copyright
Kaakkois-Suomen TE-toimisto,Haminan toimipaikka,"Satamantie 4, 49460 Hamina",60.5438823,27.1607309,"Haminan Vesi, Satamantie 4, 49460 Hamina, Suomi",Haminan Vesi,4,Satamantie,49460,,Hillo,Hamina,Kymenlaakso,Manner-Suomi,Suomi,fi,1,1,1,© OpenStreetMap contributors,Open Database License,https://www.openstreetmap.org/copyright
Kaakkois-Suomen TE-toimisto,Imatran toimipaikka,"Tainionkoskentie 70, 55120 Imatra
",61.1915319,28.7759936,"Tainionkoskentie 70, 55120 Imatra, Suomi",,70,Tainionkoskentie,55120,,Mansikkala,Imatra,Etelä-Karjala,Manner-Suomi,Suomi,fi,1,1,1,© OpenStreetMap contributors,Open Database License,https://www.openstreetmap.org/copyright
Kaakkois-Suomen TE-toimisto,Kotkan toimipaikka,"Laivurinkatu 3 B, 48100 Kotka
",60.468463,26.945569,"Laivurinkatu 3b, 48100 Kotka, Suomi",,3b,Laivurinkatu,48100,Kotka,,Kotka,Kymenlaakso,Etelä-Suomi,Suomi,fi,0.95,1,1,© OpenAddresses contributors,BSD-3-Clause License,
Kaakkois-Suomen TE-toimisto,Kouvolan toimipaikka,"Salpausselänkatu 26, 45100 Kouvola
",60.86751517,26.69873499,"Kangas, 45100 Kouvola, Suomi",Kangas,,,45100,,Kangas,Kouvola,Kymenlaakso,Manner-Suomi,Suomi,fi,0.25,1,,© OpenStreetMap contributors,Open Database License,https://www.openstreetmap.org/copyright
Kaakkois-Suomen TE-toimisto,Lappeenrannan toimipaikka,"Villimiehenkatu 2 B, 53100 Lappeenranta",61.057508,28.190291,"Villimiehenkatu 2, 53100 Lappeenranta, Suomi",,2,Villimiehenkatu,53100,Lappeenranta,,Lappeenranta,Etelä-Karjala,Etelä-Suomi,Suomi,fi,1,1,1,© OpenAddresses contributors,BSD-3-Clause License,
etela-savo,Mikkeli,"Jääkärinkatu 14, 50100 Mikkeli",61.6975662,27.26175979,"50100 Mikkeli, Suomi",Mikkeli,,,50100,Mikkeli,,Mikkeli,Etelä-Savo,Manner-Suomi,Suomi,fi,0.25,1,,© OpenStreetMap contributors,Open Database License,https://www.openstreetmap.org/copyright
etela-savo,Pieksämäki,"Savontie 20, 2.krs, 76100 Pieksämäki",62.300042,27.151037,"Savontie 22, 76100 Pieksämäki, Suomi",,22,Savontie,76100,Pieksämäki,,Pieksämäki,Etelä-Savo,Itä-Suomi,Suomi,fi,0.590625,1,1,© OpenAddresses contributors,BSD-3-Clause License,
etela-savo,Savonlinna,"Olavinkatu 24 1.krs, 57130 Savonlinna",61.86649245,28.8927244,"Olavinkatu 24, 57130 Savonlinna, Suomi",,24,Olavinkatu,57130,Savonlinna,Kyrönniemi,Savonlinna,Etelä-Savo,Manner-Suomi,Suomi,fi,1,1,1,© OpenStreetMap contributors,Open Database License,https://www.openstreetmap.org/copyright
pohjois-savo,Kuopio,"Kallanranta 11
PL 2000, 70101 Kuopio",62.8868386,27.689752,"Ravintola Kallanranta, Kallanranta 11, 70100 Kuopio, Suomi",Ravintola Kallanranta,11,Kallanranta,70100,Kuopio,Väinölänniemi,Kuopio,Pohjois-Savo,Manner-Suomi,Suomi,fi,1,1,1,© OpenStreetMap contributors,Open Database License,https://www.openstreetmap.org/copyright
pohjois-savo,Siilinjärvi,"Toritie 12, Siilinjärvi
PL 2000, 70101 Kuopio",63.0742987,27.6578772,"Alko, Toritie 12, 71800 Siilinjärvi, Suomi",Alko,12,Toritie,71800,,,Siilinjärvi,Pohjois-Savo,Manner-Suomi,Suomi,fi,0.4374,0.486,0.486,© OpenStreetMap contributors,Open Database License,https://www.openstreetmap.org/copyright
pohjois-savo,Iisalmi,"Karjalankatu 3, Iisalmi
PL 2000, 70101 Kuopio",62.8968156,27.6694555,"Karjalankatu, 07110 Kuopio, Suomi",Karjalankatu,,Karjalankatu,7110,Kuopio,Hatsala,Kuopio,Pohjois-Savo,Manner-Suomi,Suomi,fi,0.5,1,1,© OpenStreetMap contributors,Open Database License,https://www.openstreetmap.org/copyright
pohjois-savo,Varkaus,"Wredenkatu 2, Varkaus
PL 2000, 70101 Kuopio",62.893059,27.674468,"Tullinkulma 2, 70101 Kuopio, Suomi",Tullinkulma 2,,,70101,Kuopio,Multimäki,Kuopio,Pohjois-Savo,Itä-Suomi,Suomi,fi,0.2835,1,0.567,© OpenStreetMap contributors,Open Database License,https://www.openstreetmap.org/copyright
pohjois-karjala,Joensuu,"Torikatu 36 A (4. krs), 80100 Joensuu",62.605635,29.768421,"Torikatu 36, 80100 Joensuu, Suomi",,36,Torikatu,80100,Joensuu,,Joensuu,Pohjois-Karjala,Itä-Suomi,Suomi,fi,1,1,1,© OpenAddresses contributors,BSD-3-Clause License,
pohjois-karjala,Ilomantsi,"Soihtulantie 7, 82900 Ilomantsi",62.671194,30.926368,"Soihtulantie 7, 82900 Ilomantsi, Suomi",,7,Soihtulantie,82900,Ilomantsi,,Ilomantsi,Pohjois-Karjala,Itä-Suomi,Suomi,fi,1,1,1,© OpenAddresses contributors,BSD-3-Clause License,
pohjois-karjala,Kitee,"Hovintie 3, 82500 Kitee",62.100071,30.13475,"Hovintie 3, 82500 Kitee, Suomi",,3,Hovintie,82500,Kitee,,Kitee,Pohjois-Karjala,Itä-Suomi,Suomi,fi,1,1,1,© OpenAddresses contributors,BSD-3-Clause License,
pohjois-karjala,Lieksa,"Kainuuntie 5, 81700 Lieksa",63.322224,30.023409,"Kainuuntie 5, 81700 Lieksa, Suomi",,5,Kainuuntie,81700,Lieksa,,Lieksa,Pohjois-Karjala,Itä-Suomi,Suomi,fi,1,1,1,© OpenAddresses contributors,BSD-3-Clause License,
pohjois-karjala,Nurmes,"Nurmeksenkatu 25, 75500 Nurmes",63.543157,29.14306817,"Nurmeksen poliisiasema, Nurmeksenkatu 25, 75500 Nurmes, Suomi",Nurmeksen poliisiasema,25,Nurmeksenkatu,75500,,Kauppala,Nurmes,Pohjois-Karjala,Manner-Suomi,Suomi,fi,1,1,1,© OpenStreetMap contributors,Open Database License,https://www.openstreetmap.org/copyright
keski-suomi,Jyväskylä,"Vapaudenkatu 58 A, PL 400
40100 Jyväskylä",62.243673,25.753969,"Vapaudenkatu 58, 40100 Jyväskylä, Suomi",,58,Vapaudenkatu,40100,Jyväskylä,,Jyväskylä,Keski-Suomi,Länsi ja Sisä-Suomi,Suomi,fi,1,,,© OpenAddresses contributors,BSD-3-Clause License,
keski-suomi,Jämsä,"Seppolantie 5
42100 Jämsä",61.862178,25.184313,"Seppolantie 5, 42100 Jämsä, Suomi",,5,Seppolantie,42100,Jämsä,,Jämsä,Keski-Suomi,Länsi ja Sisä-Suomi,Suomi,fi,0.9,1,1,© OpenStreetMap contributors,Open Database License,https://www.openstreetmap.org/copyright
keski-suomi,Äänekoski,"Torikatu 6A, 44100 Äänekoski",62.60383754,25.72243951,,,,,,,,,,,,,,,,,,
keski-suomi,Joutsan kunnanvirasto,"Länsitie 5, 19650 Joutsa",61.8253884,26.12689602,"Joutsa, Manner-Suomi, Suomi",,,,,Joutsa,,Joutsa,Keski-Suomi,Manner-Suomi,Suomi,fi,0.25,1,,© OpenStreetMap contributors,Open Database License,https://www.openstreetmap.org/copyright
keski-suomi,Kannonkoski,"Kannonkoski
43300",62.9768822,25.2637374,"43300 Kannonkoski, Suomi",,,,43300,,,Kannonkoski,Keski-Suomi,Manner-Suomi,Suomi,fi,1,1,,© OpenStreetMap contributors,Open Database License,https://www.openstreetmap.org/copyright
etela-pohjanmaa,Seinäjoen toimipaikka,"Valtionkatu 1, 60100 Seinäjoki",62.791802,22.842735,"Valtionkatu 1, 60100 Seinäjoki, Suomi",,1,Valtionkatu,60100,Seinäjoki,,Seinäjoki,Etelä-Pohjanmaa,Länsi ja Sisä-Suomi,Suomi,fi,0.814285714,0.95,0.95,© OpenAddresses contributors,BSD-3-Clause License,
etela-pohjanmaa,Alajärven toimipaikka,"Järvikatu 3, 62900 Alajärvi",63.00277054,23.81860932,"62900 Alajärvi, Suomi",Alajärvi,,,62900,,,Alajärvi,Etelä-Pohjanmaa,Manner-Suomi,Suomi,fi,0,1,,© OpenStreetMap contributors,Open Database License,https://www.openstreetmap.org/copyright
etela-pohjanmaa,Kauhajoen toimipaikka,"Puistotie 50, 61800 Kauhajoki",62.43052,22.177846,"Puistotie 50, 61800 Kauhajoki, Suomi",,50,Puistotie,61800,Kauhajoki,,Kauhajoki,Etelä-Pohjanmaa,Länsi ja Sisä-Suomi,Suomi,fi,1,1,1,© OpenAddresses contributors,BSD-3-Clause License,
etela-pohjanmaa,Ähtärin kaupunginviraston asiointipiste,"Ostolantie 17, 63700 Ähtäri
puh. (06) 2525 6000",62.550477,24.067308,"Ostolantie 17, 63700 Ähtäri, Suomi",,17,Ostolantie,63700,Ähtäri,,Ähtäri,Etelä-Pohjanmaa,Länsi ja Sisä-Suomi,Suomi,fi,1,,,© OpenAddresses contributors,BSD-3-Clause License,
etela-pohjanmaa,Alavuden kaupungin asiointipiste,"Torikatu 4, 63300 Alavus",62.58597575,23.61505505,"Torikatu 4, 63300 Alavus, Suomi",,4,Torikatu,63300,,Röyskö,Alavus,Etelä-Pohjanmaa,Manner-Suomi,Suomi,fi,1,1,1,© OpenStreetMap contributors,Open Database License,https://www.openstreetmap.org/copyright
etela-pohjanmaa,Teuvan asiointipiste,"Rasintie 1 A, PL 25, 64700 Teuva",62.472825,21.728997,"Rasintie 1, 64700 Teuva, Suomi",,1,Rasintie,64700,Teuva,,Teuva,Etelä-Pohjanmaa,Länsi ja Sisä-Suomi,Suomi,fi,1,1,1,© OpenAddresses contributors,BSD-3-Clause License,
etela-pohjanmaa,Kaustinen,"Kappelintie 13, 69600 Kaustinen",63.5492963,23.6919711,"Kaustisen kunnankirjasto, Kappelintie 13, 69600 Kaustinen, Suomi",Kaustisen kunnankirjasto,13,Kappelintie,69600,,,Kaustinen,Keski-Pohjanmaa,Manner-Suomi,Suomi,fi,1,1,1,© OpenStreetMap contributors,Open Database License,https://www.openstreetmap.org/copyright
pohjanmaa,Kokkola,"Pitkänsillankatu 15 (kauppakeskus Kallentori, keskusaukio)

67100 Kokkola",63.83620235,23.12622542,"67100 Kokkola, Suomi",Kokkola,,,67100,,,Kokkola,Keski-Pohjanmaa,Manner-Suomi,Suomi,fi,0.25,1,,© OpenStreetMap contributors,Open Database License,https://www.openstreetmap.org/copyright
pohjanmaa,Pietarsaari,"Kanavapuistikko 1

68600 Pietarsaari",63.6758641,22.7103418,"Ulosottolaitos - Pietarsaaren toimpiste, Kanavapuistikko 1, 68600 Pietarsaari, Suomi",Ulosottolaitos - Pietarsaaren toimpiste,1,Kanavapuistikko,68600,,Keskusta,Pietarsaari,Pohjanmaa,Manner-Suomi,Suomi,fi,1,1,1,© OpenStreetMap contributors,Open Database License,https://www.openstreetmap.org/copyright
pohjanmaa,Suupohja,"Närpiöntie 4, 64200 Närpiö",62.27577406,21.37271407,,,,,,,,,,,,,,,,,,
pohjanmaa,Kristiinankaupunki,"Merikatu 47
64100 Kristiinankaupunki",62.273221,21.37848,"Merikatu 47, 64100 Kristiinankaupunki, Suomi",,47,Merikatu,64100,Kristiinankaupunki,,Kristiinankaupunki,Pohjanmaa,Länsi ja Sisä-Suomi,Suomi,fi,1,1,1,© OpenAddresses contributors,BSD-3-Clause License,
pohjanmaa,vaasa,"Wolffintie 35 B, VAASA",63.105391,21.598452,"Wolffintie 35, 65101 Vaasa, Suomi",,35,Wolffintie,65101,Vaasa,,Vaasa,Pohjanmaa,Länsi ja Sisä-Suomi,Suomi,fi,1,1,1,© OpenStreetMap contributors,Open Database License,https://www.openstreetmap.org/copyright
pohjois-pohjanmaa,Henkilöasiakkaiden käyntiosoite,"Uusikatu 52 (1. kerros), 90100 Oulu",65.008299,25.469402,"Uusikatu 52, 90100 Oulu, Suomi",,52,Uusikatu,90100,Oulu,Vanhatulli,Oulu,Pohjois-Pohjanmaa,Pohjois-Suomi,Suomi,fi,1,1,1,© OpenAddresses contributors,BSD-3-Clause License,
pohjois-pohjanmaa,Työnantaja- ja yritysasiakkaiden käyntiosoite,"Uusikatu 52 (1. kerros), 90100 Oulu",65.008299,25.469402,"Uusikatu 52, 90100 Oulu, Suomi",,52,Uusikatu,90100,Oulu,Vanhatulli,Oulu,Pohjois-Pohjanmaa,Pohjois-Suomi,Suomi,fi,1,1,1,© OpenAddresses contributors,BSD-3-Clause License,
pohjois-pohjanmaa,Työllistymistä edistävä monialainen yhteispalvelu,"Hallituskatu 36 B, (2. kerros), 90100 Oulu",65.0107348,25.4809799,"Oulun Matkailuneuvonta, Hallituskatu 36, 90100 Oulu, Suomi",Oulun Matkailuneuvonta,36,Hallituskatu,90100,Ydinkeskusta,Vaara,Oulu,Pohjois-Pohjanmaa,Manner-Suomi,Suomi,fi,1,1,1,© OpenStreetMap contributors,Open Database License,https://www.openstreetmap.org/copyright
pohjois-pohjanmaa,Haapajärvi,"Puistokatu 39, 85800 Haapajärvi",63.750761,25.31798,"Puistokatu 39, 85800 Haapajärvi, Suomi",,39,Puistokatu,85800,Haapajärvi,,Haapajärvi,Pohjois-Pohjanmaa,Pohjois-Suomi,Suomi,fi,1,1,1,© OpenAddresses contributors,BSD-3-Clause License,
pohjois-pohjanmaa,Kuusamo,"Kitkantie 28, 93600 Kuusamo",65.968597,29.183778,"Kitkantie 28, 93600 Kuusamo, Suomi",,28,Kitkantie,93600,Kuusamo,,Kuusamo,Pohjois-Pohjanmaa,Pohjois-Suomi,Suomi,fi,1,1,1,© OpenAddresses contributors,BSD-3-Clause License,
pohjois-pohjanmaa,Pudasjärvi,"Jukolantie 1, 93100 Pudasjärvi",65.358521,26.994046,"Jukolantie 1, 93100 Pudasjärvi, Suomi",,1,Jukolantie,93100,Pudasjärvi,,Pudasjärvi,Pohjois-Pohjanmaa,Pohjois-Suomi,Suomi,fi,0.9,1,1,© OpenAddresses contributors,BSD-3-Clause License,
pohjois-pohjanmaa,Raahe,"Fellmanin puistokatu 3, 92100 Raahe",64.6827185,24.4747887,"Ohjaamo Raahe, Fellmanin puistokatu 3, 92100 Raahe, Suomi",Ohjaamo Raahe,3,Fellmanin puistokatu,92100,Raahe,Katinhäntä,Raahe,Pohjois-Pohjanmaa,Manner-Suomi,Suomi,fi,1,1,1,© OpenStreetMap contributors,Open Database License,https://www.openstreetmap.org/copyright
pohjois-pohjanmaa,Ylivieska,"Valtakatu 4, 84100 Ylivieska",64.0717286,24.5323217,"Ulosottolaitos - Ylivieskan toimipiste, Valtakatu 4, 84100 Ylivieska, Suomi",Ulosottolaitos - Ylivieskan toimipiste,4,Valtakatu,84100,,,Ylivieska,Pohjois-Pohjanmaa,Manner-Suomi,Suomi,fi,1,1,1,© OpenStreetMap contributors,Open Database License,https://www.openstreetmap.org/copyright
kainuu,Kajaani,"Kalliokatu 4
87100 Kajaani",64.2222864,27.7246432,"Kainuun ELY-keskus, Kalliokatu 4, 87100 Kajaani, Suomi",Kainuun ELY-keskus,4,Kalliokatu,87100,,Teppana,Kajaani,Kainuu,Manner-Suomi,Suomi,fi,1,1,1,© OpenStreetMap contributors,Open Database License,https://www.openstreetmap.org/copyright
kainuu,Kuhmo,"Koulukatu 12
88900 Kuhmo",64.12687675,29.52410769,"Koulukatu 12, 88900 Kuhmo, Suomi",,12,Koulukatu,88900,,Kontio,Kuhmo,Kainuu,Manner-Suomi,Suomi,fi,1,1,1,© OpenStreetMap contributors,Open Database License,https://www.openstreetmap.org/copyright
kainuu,Suomussalmi,"Kauppakatu 20 B (kunnan virastotalo)
89600 Suomussalmi",64.8847582,28.9145906,"Suomussalmi, Kainuu, Suomi",,,,,,,Suomussalmi,Kainuu,Manner-Suomi,Suomi,fi,0.240655037,0.567,,© OpenStreetMap contributors,Open Database License,https://www.openstreetmap.org/copyright
lappi,Ivalo,"Petsamontie 3, 99800 Ivalo
Asiakaspalvelu palvelee vain ajanvarauksella.",68.6599678,27.5445933,"K-Market Ivalo, Petsamontie 3, 99800 Ivalo, Suomi",K-Market Ivalo,3,Petsamontie,99800,,,Ivalo,Lapin aluehallintovirasto,Manner-Suomi,Suomi,fi,0.9,1,1,© OpenStreetMap contributors,Open Database License,https://www.openstreetmap.org/copyright
lappi,Enontekiö,"Puistomäentie 1, 99400 Enontekiö
Asiakaspalvelu palvelee vain ajanvarauksella.",68.386949,23.640694,"Ansatie 1, 99400 Enontekiö, Suomi",,1,Ansatie,99400,Enontekiö,,Enontekiö,Lappi,Lappi,Suomi,fi,0,1,,© OpenAddresses contributors,BSD-3-Clause License,
lappi,Kemi,"Valtakatu 28, 94100 Kemi
Asiakaspalvelu palvelee vain ajanvarauksella.",65.73498,24.5715917,"Ulosottolaitos - Kemin toimipiste, Valtakatu 28, 94100 Kemi, Suomi",Ulosottolaitos - Kemin toimipiste,28,Valtakatu,94100,,Ruutti,Kemi,Lapin aluehallintovirasto,Manner-Suomi,Suomi,fi,0.9,1,1,© OpenStreetMap contributors,Open Database License,https://www.openstreetmap.org/copyright
lappi,Kemijärvi,"Kirkkokatu 16, 98100 Kemijärvi
Asiakaspalvelu palvelee vain ajanvarauksella.",66.71436713,27.34642667,"98100 Kemijärvi, Suomi",Kemijärvi,,,98100,,,Kemijärvi,Lapin aluehallintovirasto,Manner-Suomi,Suomi,fi,0,1,,© OpenStreetMap contributors,Open Database License,https://www.openstreetmap.org/copyright
lappi,Kittilä,"Valtatie 60, 99100 Kittilä
Asiakaspalvelu palvelee vain ajanvarauksella",67.659244,24.90607,"Valtatie 60, 99100 Kittilä, Suomi",,60,Valtatie,99100,Kittilä,,Kittilä,Lappi,Lappi,Suomi,fi,0.9,1,1,© OpenAddresses contributors,BSD-3-Clause License,
lappi,Kolari,"Isopalontie 2, 95900 Kolari
Asiakaspalvelu palvelee vain ajanvarauksella",67.3313525,23.7925519,"Kolarin kunnankirjasto, Isopalontie 2, 95900 Kolari, Suomi",Kolarin kunnankirjasto,2,Isopalontie,95900,,,Kolari,Lapin aluehallintovirasto,Manner-Suomi,Suomi,fi,0.9,1,1,© OpenStreetMap contributors,Open Database License,https://www.openstreetmap.org/copyright
lappi,Muonio,"Lahenrannantie 1, 99300 Muonio
",67.9559844,23.68345442,"Alko, Lahenrannantie 1, 99300 Muonio, Suomi",Alko,1,Lahenrannantie,99300,,,Muonio,Lapin aluehallintovirasto,Manner-Suomi,Suomi,fi,1,1,1,© OpenStreetMap contributors,Open Database License,https://www.openstreetmap.org/copyright
lappi,Posio,"Kirkkotie 1, 97900 Posio",66.10973035,28.16857155,"Kirkkotie 1, 97900 Posio, Suomi",,1,Kirkkotie,97900,Korkeamaa,,Posio,Lapin aluehallintovirasto,Manner-Suomi,Suomi,fi,1,1,1,© OpenStreetMap contributors,Open Database License,https://www.openstreetmap.org/copyright
lappi,Rovaniemi,"Valtakatu 16, 96200 Rovaniemi",66.5023943,25.7334778,"Sähköinsinööritoimisto Esko Laakso Oy, Valtakatu 16, 96200 Rovaniemi, Suomi",Sähköinsinööritoimisto Esko Laakso Oy,16,Valtakatu,96200,,Keskusta,Rovaniemi,Lapin aluehallintovirasto,Manner-Suomi,Suomi,fi,1,1,1,© OpenStreetMap contributors,Open Database License,https://www.openstreetmap.org/copyright
lappi,Salla,"Postipolku 3, 98900 Salla",66.8337926,28.67195063,"Postipolku 3, 98900 Salla, Suomi",,3,Postipolku,98900,,,Salla,Lapin aluehallintovirasto,Manner-Suomi,Suomi,fi,1,1,1,© OpenStreetMap contributors,Open Database License,https://www.openstreetmap.org/copyright
lappi,Savukoski,"Samperintie 4, 98800 Savukoski",67.2924643,28.156924,"Samperintie 4, 98800 Savukoski, Suomi",,4,Samperintie,98800,,,Savukoski,Lapin aluehallintovirasto,Manner-Suomi,Suomi,fi,1,1,1,© OpenStreetMap contributors,Open Database License,https://www.openstreetmap.org/copyright
lappi,Sodankylä,"Jäämerentie 2, 99600 Sodankylä",67.43294,26.60227,"Jahtimiehentie 2, 99600 Sodankylä, Suomi",,2,Jahtimiehentie,99600,Sodankylä,,Sodankylä,Lappi,Lappi,Suomi,fi,0,1,,© OpenAddresses contributors,BSD-3-Clause License,
lappi,Ylitornio,"Alkkulanraitti 55, 95600 Ylitornio",66.3248293,23.6753265,"Ylitornio, Alkkulanraitti 55, 95600 Ylitornio, Suomi",Ylitornio,55,Alkkulanraitti,95600,Niuro,,Ylitornio,Lapin aluehallintovirasto,Manner-Suomi,Suomi,fi,1,1,1,© OpenStreetMap contributors,Open Database License,https://www.openstreetmap.org/copyright
