address,postal_code,town,street
"8000 Székesfehérvár, Piac tér 10.",8000,"Székesfehérvár,",Piac tér 10
"5340 Kunhegyes, Szabadság tér 9-10.",5340,"Kunhegyes,",Szabadság tér 9-10
"7621 Pécs, Zrínyi Miklós utca 11.",7621,"Pécs,",Zrínyi Miklós utca 11
"3200 Gyöngyös, Vezekényi utca 24",3200,"Gyöngyös,",Vezekényi utca 24
"3895 Gönc, Kossuth Lajos utca 44",3895,"Gönc,",Kossuth Lajos utca 44
"3800 Szikszó, Táncsics utca 2-4.",3800,"Szikszó,",Táncsics utca 2-4
"9023 Gyõr, Bartók Béla út 2",9023,"Gyõr,",Bartók Béla út 2
"3780 Edelény, István király útja 51",3780,"Edelény,",István király útja 51
"2700 Cegléd, Dózsa György utca 1",2700,"Cegléd,",Dózsa György utca 1
"8300 Tapolca, Liszt F. utca 1/1.",8300,"Tapolca,",Liszt F. utca 1/1
"2900 Komárom, Igmándi út 45.",2900,"Komárom,",Igmándi út 45
"2600 Vác, dr. Csányi László krt. 45.",2600,"Vác,",dr. Csányi László krt. 45
"9700 Szombathely, Hunyadi út 45.",9700,"Szombathely,",Hunyadi út 45
"9300 Csorna, Soproni út 95",9300,"Csorna,",Soproni út 95
"2870 Kisbér, Angol kert 4.",2870,"Kisbér,",Angol kert 4
"8600 Siófok, Bajcsy-Zs. utca 1.",8600,"Siófok,",Bajcsy-Zs. utca 1
"8500 Pápa, Csáky László utca 12.",8500,"Pápa,",Csáky László utca 12
"2400 Dunaújváros, Szórád Márton 39",2400,"Dunaújváros,",Szórád Márton 39
"8460 Devecser, Petõfi tér 1.",8460,"Devecser,",Petõfi tér 1
"7960 Sellye, Korongi tér",7960,"Sellye,",Korongi tér
"7300 Komló, Bajcsy-Zsilinszky u. 9/1.",7300,"Komló,",Bajcsy-Zsilinszky u. 9/1
"6000 Kecskemét, Klapka utca 34.",6000,"Kecskemét,",Klapka utca 34
"9400 Sopron, Kõszegi út 1./A.",9400,"Sopron,",Kõszegi út 1./A
"3630 Putnok, Bajcsy-Zsilinszky út 2.",3630,"Putnok,",Bajcsy-Zsilinszky út 2
"9330 Kapuvár, Fõ tér 1",9330,"Kapuvár,",Fõ tér 1
"4600 Kisvárda, Szent György tér 4.",4600,"Kisvárda,",Szent György tér 4
"8400 Ajka, Újélet utca 8.",8400,"Ajka,",Újélet utca 8
"6200 Kiskõrös, Kossuth L. utca 40.",6200,"Kiskõrös,",Kossuth L. utca 40
"3700 Kazincbarcika, Tóth Árpád út 2.",3700,"Kazincbarcika,",Tóth Árpád út 2
"7000 Sárbogárd, Tury M. utca 3.",7000,"Sárbogárd,",Tury M. utca 3
"5100 Jászberény, Jásztelki út 16.",5100,"Jászberény,",Jásztelki út 16
"2060 Bicske, Szent István út 7-11.",2060,"Bicske,",Szent István út 7-11
"3390 Füzesabony, Rákóczi út 24",3390,"Füzesabony,",Rákóczi út 24
"6722 Szeged, Rákóczi tér 1",6722,"Szeged,",Rákóczi tér 1
"8900 Zalaegerszeg, Mártírok útja 42-44.",8900,"Zalaegerszeg,",Mártírok útja 42-44
"7900 Szigetvár, Rákóczi Ferenc u. 25.",7900,"Szigetvár,",Rákóczi Ferenc u. 25
"5800 Mezõkovácsháza, Alkotmány utca 42.",5800,"Mezõkovácsháza,",Alkotmány utca 42
"4254 Nyíradony, Kossuth Lajos u. 2/A",4254,"Nyíradony,",Kossuth Lajos u. 2/A
"3980 Sátoraljaújhely, Hajnal utca 24.",3980,"Sátoraljaújhely,",Hajnal utca 24
"7400 Kaposvár, Kontrássy utca 5/B.",7400,"Kaposvár,",Kontrássy utca 5/B
"3900 Szerencs, Kassa utca 23.",3900,"Szerencs,",Kassa utca 23
"3860 Encs, Szeles út 1",3860,"Encs,",Szeles út 1
"7100 Szekszárd, Találka tér 4.",7100,"Szekszárd,",Találka tér 4
"2370 Dabas, Berkenye utca 1",2370,"Dabas,",Berkenye utca 1
"8230 Balatonfüred, Kossuth utca 26.",8230,"Balatonfüred,",Kossuth utca 26
"8360 Keszthely, Kossuth Lajos utca 42.",8360,"Keszthely,",Kossuth Lajos utca 42
"2651 Rétság, Radnóti utca 2.",2651,"Rétság,",Radnóti utca 2
"8800 Nagykanizsa, Sugár út 4.",8800,"Nagykanizsa,",Sugár út 4
"8960 Lenti, Templom tér 11.",8960,"Lenti,",Templom tér 11
"7800 Siklós, Felszabadulás u. 88.",7800,"Siklós,",Felszabadulás u. 88
"9970 Szentgotthárd, Kossuth Lajos utca 7",9970,"Szentgotthárd,",Kossuth Lajos utca 7
"3060 Pásztó, Cserhát lakónegyed 11.",3060,"Pásztó,",Cserhát lakónegyed 11
"9800 Vasvár, Árpád tér 1.",9800,"Vasvár,",Árpád tér 1
"3526 Miskolc, Zombori utca 2.",3526,"Miskolc,",Zombori utca 2
"6900 Makó, Deák Ferenc u. 6.",6900,"Makó,",Deák Ferenc u. 6
"8660 Tab, Szent István u. 6.",8660,"Tab,",Szent István u. 6
"3300 Eger, Klapka Gy. utca 9",3300,"Eger,",Klapka Gy. utca 9
"2500 Esztergom, Lázár Vilmos utca 74.",2500,"Esztergom,",Lázár Vilmos utca 74
"4400 Nyíregyháza, Szabadság tér 2.",4400,"Nyíregyháza,",Szabadság tér 2
"2300 Ráckeve, Lacházi út 34.",2300,"Ráckeve,",Lacházi út 34
"7150 Bonyhád, Szabadság tér 1.",7150,"Bonyhád,",Szabadság tér 1
"3000 Hatvan, Balassi Bálint út 12",3000,"Hatvan,",Balassi Bálint út 12
"6090 Kunszentmiklós, Rákóczi utca 62/A",6090,"Kunszentmiklós,",Rákóczi utca 62/A
"4800 Vásárosnamény, Jókai utca 14.",4800,"Vásárosnamény,",Jókai utca 14
"3600 Ózd, Bajcsy-Zsilinszky Endre utca 1.",3600,"Ózd,",Bajcsy-Zsilinszky Endre utca 1
"3450 Mezõcsát, Hõsök tere 24.",3450,"Mezõcsát,",Hõsök tere 24
"6600 Szentes, Ady Endre u. 22/b.",6600,"Szentes,",Ady Endre u. 22/b
"4100 Berettyóújfalu, Bocskai utca 9.",4100,"Berettyóújfalu,",Bocskai utca 9
"6782 Mórahalom, István király út 1/a.",6782,"Mórahalom,",István király út 1/a
"9200 Mosonmagyaróvár, Lucsony utca 4.",9200,"Mosonmagyaróvár,",Lucsony utca 4
"2100 Gödöllõ, Szilhát utca 53.",2100,"Gödöllõ,",Szilhát utca 53
"3360 Heves, Dobó István utca 3",3360,"Heves,",Dobó István utca 3
"7200 Dombóvár, Jókai utca 16/a",7200,"Dombóvár,",Jókai utca 16/a
"7700 Mohács, Jókai utca 2.",7700,"Mohács,",Jókai utca 2
"7570 Barcs, Damjanich utca 31.",7570,"Barcs,",Damjanich utca 31
"6430 Bácsalmás, Rákóczi utca 34",6430,"Bácsalmás,",Rákóczi utca 34
"6500 Baja, Cirfusz F. utca 13.",6500,"Baja,",Cirfusz F. utca 13
"2890 Tata, Patak köz 2.",2890,"Tata,",Patak köz 2
"9900 Körmend, Szabadság tér 5.",9900,"Körmend,",Szabadság tér 5
"7500 Nagyatád, Koch R. utca 4.",7500,"Nagyatád,",Koch R. utca 4
"8420 Zirc, József Attila utca 2.",8420,"Zirc,",József Attila utca 2
"8060 Mór, Kodály Zoltán utca 1",8060,"Mór,",Kodály Zoltán utca 1
"6760 Kistelek, Kisteleki Ede u. 2.",6760,"Kistelek,",Kisteleki Ede u. 2
"4561 Baktalórántháza, Köztársaság tér 15.",4561,"Baktalórántháza,",Köztársaság tér 15
"2660 Balassagyarmat, Ady Endre út 2",2660,"Balassagyarmat,",Ady Endre út 2
"8220 Balatonalmádi, Baross Gábor út 44.",8220,"Balatonalmádi,",Baross Gábor út 44
"8700 Marcali, Posta köz 1.",8700,"Marcali,",Posta köz 1
"8630 Balatonboglár, Erzsébet utca 16.",8630,"Balatonboglár,",Erzsébet utca 16
"4320 Nagykálló, Bátori út 36",4320,"Nagykálló,",Bátori út 36
"4060 Balmazújváros, Debreceni utca 4/B.",4060,"Balmazújváros,",Debreceni utca 4/B
"6400 Kiskunhalas, Szent Imre utca 12",6400,"Kiskunhalas,",Szent Imre utca 12
"8200 Veszprém, Mindszenty József utca 3-5.",8200,"Veszprém,",Mindszenty József utca 3-5
"2451 Ercsi, Fõ utca 34.",2451,"Ercsi,",Fõ utca 34
"4150 Püspökladány, Kossuth utca 6.",4150,"Püspökladány,",Kossuth utca 6
"3100 Salgótarján, Rákóczi út 36.",3100,"Salgótarján,",Rákóczi út 36
"3078 Bátonyterenye, Madách I. út 6/b.",3078,"Bátonyterenye,",Madách I. út 6/b
"4300 Nyírbátor, Kossuth utca 16.",4300,"Nyírbátor,",Kossuth utca 16
"6300 Kalocsa, Szent István király út 72.",6300,"Kalocsa,",Szent István király út 72
"8330 Sümeg, Kossuth utca 14-16.",8330,"Sümeg,",Kossuth utca 14-16
"9600 Sárvár, Batthyány Lajos utca 47.",9600,"Sárvár,",Batthyány Lajos utca 47
"5630 Békés, Múzeum köz 1.",5630,"Békés,",Múzeum köz 1
"5600 Békéscsaba, Árpád sor 2/6 Pf.270",5600,"Békéscsaba,",Árpád sor 2/6 Pf.270
"5900 Orosháza, Szabadság tér 3.",5900,"Orosháza,",Szabadság tér 3
"5540 Szarvas, Szabadság út 25-27.",5540,"Szarvas,",Szabadság út 25-27
"7090 Tamási, Szabadság utca 15.",7090,"Tamási,",Szabadság utca 15
"2200 Monor, Kossuth Lajos utca 78-80",2200,"Monor,",Kossuth Lajos utca 78-80
"5300 Karcag, Madarasi út 27.",5300,"Karcag,",Madarasi út 27
"8100 Várpalota, Fehérvári út 13.",8100,"Várpalota,",Fehérvári út 13
"8840 Csurgó, Városháza köz 2.",8840,"Csurgó,",Városháza köz 2
"5000 Szolnok, Ady Endre út 9.",5000,"Szolnok,",Ady Endre út 9
"2092 Budakeszi, Fõ út 111.",2092,"Budakeszi,",Fõ út 111
"7940 Szentlõrinc, Kossuth Lajos u. 16.",7940,"Szentlõrinc,",Kossuth Lajos u. 16
"5720 Sarkad, Szent István tér 7.",5720,"Sarkad,",Szent István tér 7
"7030 Paks, Dózsa György utca 51-53.",7030,"Paks,",Dózsa György utca 51-53
"9500 Celldömölk, Kossuth Lajos utca 5",9500,"Celldömölk,",Kossuth Lajos utca 5
"4242 Hajdúhadház, Hunyadi utca 6",4242,"Hajdúhadház,",Hunyadi utca 6
"3250 Pétervására, Keglevich út 1",3250,"Pétervására,",Keglevich út 1
"3973 Cigánd, Fõ utca 87",3973,"Cigánd,",Fõ utca 87
"3910 Tokaj, Bajcsy-Zsilinszky út 16.",3910,"Tokaj,",Bajcsy-Zsilinszky út 16
"3950 Sárospatak, Rákóczi utca 78.",3950,"Sárospatak,",Rákóczi utca 78
"3400 Mezõkövesd, Rákóczi utca 4.",3400,"Mezõkövesd,",Rákóczi utca 4
"2840 Oroszlány, Szent István tér 1",2840,"Oroszlány,",Szent István tér 1
"6440 Jánoshalma, Kölcsey Ferenc u. 12.",6440,"Jánoshalma,",Kölcsey Ferenc u. 12
"4900 Fehérgyarmat, Petõfi utca 10.",4900,"Fehérgyarmat,",Petõfi utca 10
"9730 Kõszeg, Szûk utca 2",9730,"Kõszeg,",Szûk utca 2
"5520 Szeghalom, Bocskai István utca 8.",5520,"Szeghalom,",Bocskai István utca 8
"2000 Szentendre, Dunakanyar körút 1.",2000,"Szentendre,",Dunakanyar körút 1
"1096 Budapest 09. ker., Haller utca 6",1096,Budapest,"09. ker., Haller utca 6"
"1039 Budapest 03. ker., Heltai Jenõ tér 3.",1039,Budapest,"03. ker., Heltai Jenõ tér 3"
"1043 Budapest 04. ker., Kassai utca 24/b",1043,Budapest,"04. ker., Kassai utca 24/b"
"1082 Budapest 08. ker., Baross utca 76",1082,Budapest,"08. ker., Baross utca 76"
"1137 Budapest 13. ker., Katona József utca 25.",1137,Budapest,"13. ker., Katona József utca 25"
"1092 Budapest 09. ker., Ráday utca 42-44.",1092,Budapest,"09. ker., Ráday utca 42-44"
"1105 Budapest 10. ker., Kõrösi Csoma S. út 53-55",1105,Budapest,"10. ker., Kõrösi Csoma S. út 53-55"
"1181 Budapest 18. ker., Darus utca 5.",1181,Budapest,"18. ker., Darus utca 5"
"1203 Budapest 20. ker., János utca 6.",1203,Budapest,"20. ker., János utca 6"
"1211 Budapest 21. ker., Szent Imre tér 11.",1211,Budapest,"21. ker., Szent Imre tér 11"
"6100 Kiskunfélegyháza, Petõfi tér 4-5",6100,"Kiskunfélegyháza,",Petõfi tér 4-5
"5440 Kunszentmárton, Mátyás király út 5.",5440,"Kunszentmárton,",Mátyás király út 5
"6640 Csongrád, Justh Gyula u 2/b.",6640,"Csongrád,",Justh Gyula u 2/b
"5500 Gyomaendrõd, Szabadság tér 1.",5500,"Gyomaendrõd,",Szabadság tér 1
"4765 Csenger, Szent István tér 1",4765,"Csenger,",Szent István tér 1
"6120 Kiskunmajsa, Félegyházi út 5.",6120,"Kiskunmajsa,",Félegyházi út 5
"4024 Debrecen, Piac utca 42-48",4024,"Debrecen,",Piac utca 42-48
"8130 Enying, Kossuth utca 38.",8130,"Enying,",Kossuth utca 38
"2310 Szigetszentmiklós, Apor Vilmos 1",2310,"Szigetszentmiklós,",Apor Vilmos 1
"4130 Derecske, Köztársaság út 126",4130,"Derecske,",Köztársaság út 126
"2030 Érd, Budai út 26",2030,"Érd,",Budai út 26
"4200 Hajdúszoboszló, Dózsa György utca 14",4200,"Hajdúszoboszló,",Dózsa György utca 14
"5700 Gyula, Ady Endre utca 8",5700,"Gyula,",Ady Endre utca 8
"3170 Szécsény, Kossuth L. út 23.",3170,"Szécsény,",Kossuth L. út 23
"4700 Mátészalka, Jármi utca 2.",4700,"Mátészalka,",Jármi utca 2
"2760 Nagykáta, Gyóni Géza utca 11",2760,"Nagykáta,",Gyóni Géza utca 11
"5200 Törökszentmiklós, Petõfi Sándor utca 67-69.",5200,"Törökszentmiklós,",Petõfi Sándor utca 67-69
"4080 Hajdúnánás, Bocskai utca 12-14",4080,"Hajdúnánás,",Bocskai utca 12-14
"2483 Gárdony, Posta utca 11.",2483,"Gárdony,",Posta utca 11
"3580 Tiszaújváros, Szederkényi utca 8.",3580,"Tiszaújváros,",Szederkényi utca 8
"2800 Tatabánya, Bárdos László utca 2.",2800,"Tatabánya,",Bárdos László utca 2
"4220 Hajdúböszörmény, Csomaközy András utca 3",4220,"Hajdúböszörmény,",Csomaközy András utca 3
"6800 Hódmezõvásárhely, Ady E. út 14",6800,"Hódmezõvásárhely,",Ady E. út 14
"5400 Mezõtúr, Kossuth tér 1.",5400,"Mezõtúr,",Kossuth tér 1
"6060 Tiszakécske, Béke utca 116.",6060,"Tiszakécske,",Béke utca 116
"5350 Tiszafüred, Fõ út 14.",5350,"Tiszafüred,",Fõ út 14
"4440 Tiszavasvári, Báthori utca 4",4440,"Tiszavasvári,",Báthori utca 4
