web-scraper-order,web-scraper-start-url,name-txt,address-txt,agency-link,gps-txt,lat,lng,agency-link-href
1670338227-958,https://www.gov.ie/en/directory/category/e1f4b5-intreo-offices/,Youghal Branch Office,"59 South Main Street, Youghal, Co. Cork, P36 XV72",Youghal Branch Office,"51.95273,-7.84671",51.95273,-7.84671,https://www.gov.ie/en/directory/page/bf030a-youghal-branch-office/
1670338229-959,https://www.gov.ie/en/directory/category/e1f4b5-intreo-offices/,Wicklow Branch Office,"Unit E6, The Enterprise Centre, The Murrough, Wicklow, A67 AX51",Wicklow Branch Office,"52.98645,-6.04527",52.98645,-6.04527,https://www.gov.ie/en/directory/page/351c6-wicklow-branch-office/
1670338232-960,https://www.gov.ie/en/directory/category/e1f4b5-intreo-offices/,Wexford Intreo Centre,"Anne Street, Wexford, Y35 E29K",Wexford Intreo Centre,"52.338270, -6.460950",52.33827,-6.46095,https://www.gov.ie/en/directory/page/0c3c1-wexford-intreo-centre/
1670338234-961,https://www.gov.ie/en/directory/category/e1f4b5-intreo-offices/,Westport Intreo Centre,"James Street, Westport, Co Mayo, F28 KD74",Westport Intreo Centre,"53.80025,-9.52376",53.80025,-9.52376,https://www.gov.ie/en/directory/page/552f8f-intreo-centre-westport/
1670338236-962,https://www.gov.ie/en/directory/category/e1f4b5-intreo-offices/,Waterford Intreo Centre,"Government Buildings, Cork Road, Waterford, X91 EH04",Waterford Intreo Centre,"52.25243,-7.1177",52.25243,-7.1177,https://www.gov.ie/en/directory/page/5c5e4d-intreo-centre-waterford/
1670338239-963,https://www.gov.ie/en/directory/category/e1f4b5-intreo-offices/,Ukraine Support Centre Limerick City,"Dominick Street, Limerick, V94 X327",Ukraine Support Centre Limerick City,"52.660600, -8.625930",52.6606,-8.62593,https://www.gov.ie/en/directory/page/c1e01-limerick-ukraine-support-centre/
1670338241-964,https://www.gov.ie/en/directory/category/e1f4b5-intreo-offices/,Ukraine Support Centre Dublin City,"Guild Building, Cork Street, Dublin 8, D08 XH90",Ukraine Support Centre Dublin City,"53.33876,-6.28001",53.33876,-6.28001,https://www.gov.ie/en/directory/page/330160-intreo-centre-cork-street-dublin-8/
1670338243-965,https://www.gov.ie/en/directory/category/e1f4b5-intreo-offices/,Ukraine Support Centre Cork City,"Department of Social Protection, Hanover Street, Cork, T12 PX62",Ukraine Support Centre Cork City,"51.896877, -8.479711",51.896877,-8.479711,https://www.gov.ie/en/directory/page/959bb-cork-city-ukraine-support-centre/
1670338246-966,https://www.gov.ie/en/directory/category/e1f4b5-intreo-offices/,Tullow Branch Office,"Abbey Street, Tullow, Co. Carlow, R93 W449",Tullow Branch Office,"52.80138,-6.73908",52.80138,-6.73908,https://www.gov.ie/en/directory/page/83d20e-tullow-branch-office/
1670338248-967,https://www.gov.ie/en/directory/category/e1f4b5-intreo-offices/,Tullamore Intreo Centre,"Castle Buildings, Tara Street, Tullamore, Co Offaly, R35 T2F2",Tullamore Intreo Centre,"53.27237,-7.49635",53.27237,-7.49635,https://www.gov.ie/en/directory/page/1843de-intreo-centre-tullamore-co-offaly/
1670338251-968,https://www.gov.ie/en/directory/category/e1f4b5-intreo-offices/,Tulla Branch Office,"Chapel Street, Tulla, Co. Clare, V95 R657",Tulla Branch Office,"52.86557,-8.7578",52.86557,-8.7578,https://www.gov.ie/en/directory/page/59ecc5-social-welfare-branch-office-tulla/
1670338253-969,https://www.gov.ie/en/directory/category/e1f4b5-intreo-offices/,Tuam Branch Office,"Church View, Tuam, Co. Galway, H54 F882",Tuam Branch Office,"53.51181,-8.85611",53.51181,-8.85611,https://www.gov.ie/en/directory/page/d851fe-social-welfare-branch-office-tuam/
1670338255-970,https://www.gov.ie/en/directory/category/e1f4b5-intreo-offices/,Trim Branch Office,"Haggard Street, Trim, Co. Meath, C15 PX80",Trim Branch Office,"53.55898,-6.7895",53.55898,-6.7895,https://www.gov.ie/en/directory/page/1bb46b-trim-branch-office/
1670338258-971,https://www.gov.ie/en/directory/category/e1f4b5-intreo-offices/,Tralee Intreo Centre,"Godfrey Place, Tralee, Co Kerry, V92 AK85",Tralee Intreo Centre,"52.26817,-9.7088",52.26817,-9.7088,https://www.gov.ie/en/directory/page/8a147e-intreo-centre-tralee/
1670338261-972,https://www.gov.ie/en/directory/category/e1f4b5-intreo-offices/,Tipperary Branch Office,"8 Church Street, Tipperary, E34 RR40",Tipperary Branch Office,"52.47337,-8.16433",52.47337,-8.16433,https://www.gov.ie/en/directory/page/21fbfd-tipperary-branch-office/
1670338263-973,https://www.gov.ie/en/directory/category/e1f4b5-intreo-offices/,Thurles Intreo Centre,"Tipperary Technology Park, Racecourse Road, Thurles, Co Tipperary, E41 X3X9",Thurles Intreo Centre,"52.6855,-7.83002",52.6855,-7.83002,https://www.gov.ie/en/directory/page/ca79a5-intreo-centre-thurles/
1670338265-974,https://www.gov.ie/en/directory/category/e1f4b5-intreo-offices/,Thomastown Branch Office,"Lowe Street, Thomastown, Kilkenny, R95 D658",Thomastown Branch Office,"52.52556,-7.1374",52.52556,-7.1374,https://www.gov.ie/en/directory/page/d944e9-thomastown-branch-office/
1670338268-975,https://www.gov.ie/en/directory/category/e1f4b5-intreo-offices/,Tallaght Intreo Centre,"Intreo Centre Tallaght, The Square, Tallaght, Dublin 24, D24 DR40",Tallaght Intreo Centre,"53.286560, -6.369520",53.28656,-6.36952,https://www.gov.ie/en/directory/page/c24097-intreo-centre-tallaght-dublin-24/
1670338270-976,https://www.gov.ie/en/directory/category/e1f4b5-intreo-offices/,Swords Intreo Centre,"Mainscourt, 23 Main Street, Swords, Co Dublin, K67 H9P0",Swords Intreo Centre,"53.458270, -6.220260",53.45827,-6.22026,https://www.gov.ie/en/directory/page/2ffcc6-intreo-centre-swords-co-dublin/
1670338273-977,https://www.gov.ie/en/directory/category/e1f4b5-intreo-offices/,Swinford Branch Office,"Main Street, Swinford, Co. Mayo, F12 T184",Swinford Branch Office,"53.944210, -8.951030",53.94421,-8.95103,https://www.gov.ie/en/directory/page/6f89cb-swinford-branch-office/
1670338275-978,https://www.gov.ie/en/directory/category/e1f4b5-intreo-offices/,Sligo Intreo Centre,"Government Offices, Cranmore Road, Sligo, Co Sligo, F91 V83R",Sligo Intreo Centre,"54.26791,-8.46371",54.26791,-8.46371,https://www.gov.ie/en/directory/page/451c32-intreo-centre-sligo/
1670338277-979,https://www.gov.ie/en/directory/category/e1f4b5-intreo-offices/,Skibbereen Branch Office,"Mardyke Street, Skibbereen , Co. Cork , P81 XC04",Skibbereen Branch Office,"51.5487,-9.26856",51.5487,-9.26856,https://www.gov.ie/en/directory/page/a23a45-skibbereen-branch-office/
1670338280-980,https://www.gov.ie/en/directory/category/e1f4b5-intreo-offices/,Roscrea Branch Office,"Limerick Street, Roscrea
, Co. Tipperary, E53 Y768",Roscrea Branch Office,"52.95285,-7.80301",52.95285,-7.80301,https://www.gov.ie/en/directory/page/b2b675-roscrea-branch-office/
1670338282-981,https://www.gov.ie/en/directory/category/e1f4b5-intreo-offices/,Roscommon Intreo Centre,"Government Buildings, Convent Road, Roscommon, F42 VX53",Roscommon Intreo Centre,"53.626460, -8.198200",53.62646,-8.1982,https://www.gov.ie/en/directory/page/3c31dc-roscommon-intreo-centre/
1670338284-982,https://www.gov.ie/en/directory/category/e1f4b5-intreo-offices/,Rathdowney Branch Office,"Main Street, Rathdowney, Co. Laois, R32 RY26",Rathdowney Branch Office,"52.85569,-7.5858",52.85569,-7.5858,https://www.gov.ie/en/directory/page/497c05-rathdowney-branch-office/
1670338287-983,https://www.gov.ie/en/directory/category/e1f4b5-intreo-offices/,Portlaoise Social Welfare Control Office,"Government Buildings, Abbeyleix Road, Portlaoise, Co. Laois, R32 RPA6",Portlaoise Social Welfare Control Office,"53.03478,-7.29992",53.03478,-7.29992,https://www.gov.ie/en/directory/page/be69c4-portlaoise-social-welfare-control-office/
1670338289-984,https://www.gov.ie/en/directory/category/e1f4b5-intreo-offices/,Portlaoise Branch Office,"Social Welfare Branch Office, Portlaoise, Church Street, Portlaoise, R32 WY06",Portlaoise Branch Office,"53.03478,-7.29992",53.03478,-7.29992,https://www.gov.ie/en/directory/page/63c34f-portlaoise-employment-services-office/
1670338291-985,https://www.gov.ie/en/directory/category/e1f4b5-intreo-offices/,Portarlington Branch Office,"Main Street, Portarlington, Co. Laois, R32 FK3K",Portarlington Branch Office,"53.16085,-7.18963",53.16085,-7.18963,https://www.gov.ie/en/directory/page/975783-portarlington-branch-office/
1670338294-986,https://www.gov.ie/en/directory/category/e1f4b5-intreo-offices/,"Parnell Street, Dublin 1 Intreo Centre","197/199 Parnell Street, Dublin 1, D01 P382","Parnell Street, Dublin 1 Intreo Centre","53.35068,-6.26607",53.35068,-6.26607,https://www.gov.ie/en/directory/page/f9b71d-intreo-centre-parnell-street-dublin-1/
1670338296-987,https://www.gov.ie/en/directory/category/e1f4b5-intreo-offices/,Tubbercurry Branch Office,"Humbert Street, Tubbercurry, Co. Sligo, F91 WYK5",Tubbercurry Branch Office,"54.05504,-8.72913",54.05504,-8.72913,https://www.gov.ie/en/directory/page/d29d9f-tubercurry-branch-office/
1670338299-988,https://www.gov.ie/en/directory/category/e1f4b5-intreo-offices/,"Nutgrove, Dublin 14 Intreo Centre","Nutgrove Shopping Centre, Rathfarnham, Dublin 14, D14 E192","Nutgrove, Dublin 14 Intreo Centre","53.290830, -6.267770",53.29083,-6.26777,https://www.gov.ie/en/directory/page/ed2c1b-intreo-centre-nutgrove-dublin-14/
1670338301-989,https://www.gov.ie/en/directory/category/e1f4b5-intreo-offices/,New Ross Branch Office,"Cross Street, New Ross, Co. Wexford, Y34 PP66",New Ross Branch Office,"52.39224,-6.94414",52.39224,-6.94414,https://www.gov.ie/en/directory/page/c5e4cb-new-ross-branch-office/
1670338303-990,https://www.gov.ie/en/directory/category/e1f4b5-intreo-offices/,Newmarket Branch Office,"Main Street, Newmarket, Co. Cork, P51 WC83",Newmarket Branch Office,"52.21362,-8.99657",52.21362,-8.99657,https://www.gov.ie/en/directory/page/1e705d-newmarket-branch-office/
1670338306-991,https://www.gov.ie/en/directory/category/e1f4b5-intreo-offices/,Newcastle West Intreo Centre,"Gortboy, Newcastle West, Co Limerick, V42 RK52",Newcastle West Intreo Centre,"52.45284,-9.05324",52.45284,-9.05324,https://www.gov.ie/en/directory/page/9a5a4c-intreo-centre-newcastlewest/
1670338308-992,https://www.gov.ie/en/directory/category/e1f4b5-intreo-offices/,Newbridge Intreo Centre,"Moorefield Road, Newbridge, Co Kildare, W12 T257",Newbridge Intreo Centre,"53.177530, -6.801400",53.17753,-6.8014,https://www.gov.ie/en/directory/page/204eb9-intreo-centre-newbridge/
1670338311-993,https://www.gov.ie/en/directory/category/e1f4b5-intreo-offices/,Nenagh Branch Office,"Church View, Nenagh, Co. Tipperary, E45 VR80",Nenagh Branch Office,"52.86511,-8.1968",52.86511,-8.1968,https://www.gov.ie/en/directory/page/f0aeef-nenagh-branch-office/
,,,,,,,,
1670338315-995,https://www.gov.ie/en/directory/category/e1f4b5-intreo-offices/,Navan Intreo Centre,"Abbey Buildings, Abbey Mall, Navan, Co Meath, C15 K7PY",Navan Intreo Centre,"53.65462,-6.6887",53.65462,-6.6887,https://www.gov.ie/en/directory/page/dca831-intreo-centre-navan-co-meath/
1670338318-996,https://www.gov.ie/en/directory/category/e1f4b5-intreo-offices/,Mullingar Intreo Centre,"Blackhall Street, Mullingar, Co Westmeath, N91 FY07",Mullingar Intreo Centre,"53.52441,-7.34294",53.52441,-7.34294,https://www.gov.ie/en/directory/page/a59613-intreo-centre-mullingar-co-westmeath/
1670338320-997,https://www.gov.ie/en/directory/category/e1f4b5-intreo-offices/,Muine Bheag Branch Office,"Regent Street, Muine Bheag, Co Carlow, R21 TN32",Muine Bheag Branch Office,"52.70266,-6.96015",52.70266,-6.96015,https://www.gov.ie/en/directory/page/fcf3f3-social-welfare-branch-office-muine-bheag/
1670338322-998,https://www.gov.ie/en/directory/category/e1f4b5-intreo-offices/,Monaghan Branch Office,"Rooskey, Monaghan Town, Co. Monaghan, H18 PY03",Monaghan Branch Office,"54.25467,-6.96471",54.25467,-6.96471,https://www.gov.ie/en/directory/page/f34e9c-monaghan-branch-office/
1670338325-999,https://www.gov.ie/en/directory/category/e1f4b5-intreo-offices/,Midleton Branch Office,"Enterprise Park, Dwyer Road, Midleton, Co Cork, P25 HX53",Midleton Branch Office,"51.91202,-8.17908",51.91202,-8.17908,https://www.gov.ie/en/directory/page/7e1bd3-midleton-branch-office/
1670338327-1000,https://www.gov.ie/en/directory/category/e1f4b5-intreo-offices/,Maynooth Branch Office,"Town Hall Mall, Maynooth, Co Kildare, W23 Y6F5",Maynooth Branch Office,"53.38091,-6.59187",53.38091,-6.59187,https://www.gov.ie/en/directory/page/b1eaab-maynooth-branch-office/
1670338330-1001,https://www.gov.ie/en/directory/category/e1f4b5-intreo-offices/,Manorhamilton Intreo Centre,"Sligo Road, Manorhamilton, Co Leitrim, F91 AD90",Manorhamilton Intreo Centre,"54.30442,-8.17819",54.30442,-8.17819,https://www.gov.ie/en/directory/page/196376-intreo-centre-manorhamilton/
1670338332-1002,https://www.gov.ie/en/directory/category/e1f4b5-intreo-offices/,Mallow Social Welfare Control Office,"Fair green, New Road, Mallow, P51 Y437",Mallow Social Welfare Control Office,"52.13651,-8.64153",52.13651,-8.64153,https://www.gov.ie/en/directory/page/84189b-mallow-social-welfare-control-office/
1670338334-1003,https://www.gov.ie/en/directory/category/e1f4b5-intreo-offices/,Mallow Branch Office,"72 Off Main Street, Mallow, Co. Cork, P51 YO74",Mallow Branch Office,"52.13651,-8.64153",52.13651,-8.64153,https://www.gov.ie/en/directory/page/b84371-mallow-branch-office/
1670338337-1004,https://www.gov.ie/en/directory/category/e1f4b5-intreo-offices/,Macroom Branch Office,"Department of Social Protection, Millstreet Road, Macroom, Co. Cork, P12 FT86",Macroom Branch Office,"51.907120, -8.976920",51.90712,-8.97692,https://www.gov.ie/en/directory/page/7fc247-macroom-branch-office/
1670338339-1005,https://www.gov.ie/en/directory/category/e1f4b5-intreo-offices/,Loughrea Intreo Centre,"Railway House, Station Road, Loughrea, Co Galway, H62 F683",Loughrea Intreo Centre,"53.200550, -8.565680",53.20055,-8.56568,https://www.gov.ie/en/directory/page/989204-intreo-centre-loughrea/
1670338341-1006,https://www.gov.ie/en/directory/category/e1f4b5-intreo-offices/,Longford Intreo Centre,"Government Buildings, Ballinalee Road, Longford, N39 E4E0",Longford Intreo Centre,"53.72751,-7.7864",53.72751,-7.7864,https://www.gov.ie/en/directory/page/bb3a35-intreo-centre-longford/
1670338344-1007,https://www.gov.ie/en/directory/category/e1f4b5-intreo-offices/,Listowel Intreo Centre,"The Square, Listowel, Co Kerry, V31 W535",Listowel Intreo Centre,"52.44485,-9.48468",52.44485,-9.48468,https://www.gov.ie/en/directory/page/94a435-intreo-centre-listowel/
1670338346-1008,https://www.gov.ie/en/directory/category/e1f4b5-intreo-offices/,Lismore Intreo Centre,"West Street, Lismore, Co Waterford, P51 FH21",Lismore Intreo Centre,,,,https://www.gov.ie/en/directory/page/7e588-lismore-intreo-centre/
1670338348-1009,https://www.gov.ie/en/directory/category/e1f4b5-intreo-offices/,Limerick Intreo Centre,"Dominick Street, Limerick, V94 X327",Limerick Intreo Centre,"52.6606,-8.62592",52.6606,-8.62592,https://www.gov.ie/en/directory/page/615213-intreo-centre-limerick/
1670338351-1010,https://www.gov.ie/en/directory/category/e1f4b5-intreo-offices/,Letterkenny Intreo Centre,"High Road, Letterkenny, Co Donegal, F92 TPY0",Letterkenny Intreo Centre,"54.95527,-7.73488",54.95527,-7.73488,https://www.gov.ie/en/directory/page/49e571-letterkenny-intreo-centre-co-donegal/
1670338354-1011,https://www.gov.ie/en/directory/category/e1f4b5-intreo-offices/,Kinsale Branch Office,"Market Lane, Kinsale, Co. Cork, P17 WD98",Kinsale Branch Office,"51.70656,-8.52515",51.70656,-8.52515,https://www.gov.ie/en/directory/page/220d13-kinsale-branch-office/
1670338356-1012,https://www.gov.ie/en/directory/category/e1f4b5-intreo-offices/,Kilrush Branch Office,"Vandeleur Street, Kilrush, Co. Clare, V15 N298",Kilrush Branch Office,"52.64049,-9.48366",52.64049,-9.48366,https://www.gov.ie/en/directory/page/83b36a-kilrush-branch-office/
1670338358-1013,https://www.gov.ie/en/directory/category/e1f4b5-intreo-offices/,Kilmallock Branch Office,"Charleville Road, Kilmallock, Co. Limerick, V35 FH21",Kilmallock Branch Office,"52.39667,-8.57719",52.39667,-8.57719,https://www.gov.ie/en/directory/page/cd2807-kilmallock-branch-office/
1670338361-1014,https://www.gov.ie/en/directory/category/e1f4b5-intreo-offices/,Killybegs Branch Office,"Bridge Street, Killybegs, Co. Donegal , F94 XA38",Killybegs Branch Office,"54.63763,-8.44312",54.63763,-8.44312,https://www.gov.ie/en/directory/page/af072b-killybegs-branch-office/
1670338363-1015,https://www.gov.ie/en/directory/category/e1f4b5-intreo-offices/,Killorglin Branch Office,"The Square, Killorglin, Co. Kerry, V93 XD86",Killorglin Branch Office,"52.10629,-9.78716",52.10629,-9.78716,https://www.gov.ie/en/directory/page/ad7b73-killorglin-branch-office/
1670338365-1016,https://www.gov.ie/en/directory/category/e1f4b5-intreo-offices/,Killarney Intreo Centre,"Park Court, Beech Road, Killarney, Co Kerry, V93 XR5V",Killarney Intreo Centre,"52.05776,-9.50997",52.05776,-9.50997,https://www.gov.ie/en/directory/page/204e06-intreo-centre-killarney/
1670338368-1017,https://www.gov.ie/en/directory/category/e1f4b5-intreo-offices/,Kilkenny Intreo Centre,"Government Buildings, Hebron Road, Kilkenny, R95 NH73",Kilkenny Intreo Centre,"52.65621,-7.24341",52.65621,-7.24341,https://www.gov.ie/en/directory/page/98a7d6-intreo-centre-kilkenny/
1670338370-1018,https://www.gov.ie/en/directory/category/e1f4b5-intreo-offices/,Kilbarrack Intreo Centre,"Greendale Shopping Centre, Greendale Road, Kilbarrack, Dublin 5, D05 R9X8",Kilbarrack Intreo Centre,,,,https://www.gov.ie/en/directory/page/12a26f-intreo-centre-kilbarrack-dublin-5/
1670338372-1019,https://www.gov.ie/en/directory/category/e1f4b5-intreo-offices/,Kenmare Intreo Centre,"Bridge Street, Kenmare, Co Kerry, V93 YKK8",Kenmare Intreo Centre,"51.88084,-9.58531",51.88084,-9.58531,https://www.gov.ie/en/directory/page/ad16ba-intreo-centre-kenmare/
1670338375-1020,https://www.gov.ie/en/directory/category/e1f4b5-intreo-offices/,Kells Branch Office,"Cross Street, Kells, Co. Meath, A82 K4K8",Kells Branch Office,"53.726840, -6.877340",53.72684,-6.87734,https://www.gov.ie/en/directory/page/b04ce9-kells-branch-office/
1670338377-1021,https://www.gov.ie/en/directory/category/e1f4b5-intreo-offices/,Gort Branch Office,"Loughrea Road, Gort, Co Galway, H91 X317",Gort Branch Office,"53.06378,-8.81445",53.06378,-8.81445,https://www.gov.ie/en/directory/page/8ef852-social-welfare-branch-office-gort/
1670338379-1022,https://www.gov.ie/en/directory/category/e1f4b5-intreo-offices/,Gorey Branch Office,"Thomas Street, Gorey, Co. Wexford, Y25 PP26",Gorey Branch Office,"52.67607,-6.29511",52.67607,-6.29511,https://www.gov.ie/en/directory/page/133767-gorey-branch-office/
1670338382-1023,https://www.gov.ie/en/directory/category/e1f4b5-intreo-offices/,Galway Intreo Centre,"Sean Duggan Centre, Fairgreen Road, Galway",Galway Intreo Centre,"53.27513,-9.04561",53.27513,-9.04561,https://www.gov.ie/en/directory/page/d4a688-intreo-centre-galway/
1670338384-1024,https://www.gov.ie/en/directory/category/e1f4b5-intreo-offices/,Finglas Intreo Centre,"Mellowes Road, Finglas, Dublin 11, D11 A395",Finglas Intreo Centre,,,,https://www.gov.ie/en/directory/page/6bbe36-intreo-centre-finglas-dublin-11/
1670338386-1025,https://www.gov.ie/en/directory/category/e1f4b5-intreo-offices/,Fermoy Branch Office,"O'Rahilly Row, Fermoy, Co. Cork, P61 AC86",Fermoy Branch Office,"52.13811,-8.26978",52.13811,-8.26978,https://www.gov.ie/en/directory/page/a44d8f-fermoy-branch-office/
1670338389-1026,https://www.gov.ie/en/directory/category/e1f4b5-intreo-offices/,Ennistymon Branch Office,"Bogbere, Ennistymon, Co. Clare, V95 N704",Ennistymon Branch Office,"52.93819,-9.29463",52.93819,-9.29463,https://www.gov.ie/en/directory/page/54570b-ennistymon-branch-office/
1670338391-1027,https://www.gov.ie/en/directory/category/e1f4b5-intreo-offices/,Ennis Intreo Centre,"Kilrush Road, Ennis, Co Clare, V95 YP70",Ennis Intreo Centre,"52.83735,-8.98956",52.83735,-8.98956,https://www.gov.ie/en/directory/page/2e0c94-intreo-centre-ennis/
1670338393-1028,https://www.gov.ie/en/directory/category/e1f4b5-intreo-offices/,Enniscorthy Branch Office,"Captain Weafer Hall, Springvalley, Enniscorthy, Co. Wexford, Y21 A242",Enniscorthy Branch Office,"52.50041,-6.56058",52.50041,-6.56058,https://www.gov.ie/en/directory/page/c5a0f5-enniscorthy-branch-office/
1670338396-1029,https://www.gov.ie/en/directory/category/e1f4b5-intreo-offices/,Edenderry Intreo Centre,"IDA Park, Carrick Road, Edenderry, Co Offaly, R45 FR88",Edenderry Intreo Centre,"53.349720, -7.053530",53.34972,-7.05353,https://www.gov.ie/en/directory/page/23730d-intreo-centre-edenderry-co-offaly/
1670338398-1030,https://www.gov.ie/en/directory/category/e1f4b5-intreo-offices/,Dun Laoghaire Intreo Centre,"18-21 Cumberland Street, Dun Laoghaire, Co Dublin, A96 T209",Dun Laoghaire Intreo Centre,"53.294780, -6.143860",53.29478,-6.14386,https://www.gov.ie/en/directory/page/daa1d5-intreo-centre-dun-laoghaire/
1670338401-1031,https://www.gov.ie/en/directory/category/e1f4b5-intreo-offices/,Dungloe Intreo Centre,"Public Service Centre, Gweedore Road, Dungloe, Co Donegal, F94 WV84",Dungloe Intreo Centre,"54.95421,-8.36027",54.95421,-8.36027,https://www.gov.ie/en/directory/page/56b0e6-intreo-centre-dungloe/
1670338403-1032,https://www.gov.ie/en/directory/category/e1f4b5-intreo-offices/,Dungarvan Branch Office,"3 Saint Augustine Street, Dungarvan, Co. Waterford, X35 E193",Dungarvan Branch Office,"52.08841,-7.61953",52.08841,-7.61953,https://www.gov.ie/en/directory/page/08bacb-dungarvan-branch-office/
1670338405-1033,https://www.gov.ie/en/directory/category/e1f4b5-intreo-offices/,Dunfanaghy Intreo Centre,"Main Street, Dunfanaghy, Co Donegal, F92 P660",Dunfanaghy Intreo Centre,"55.18341,-7.97151",55.18341,-7.97151,https://www.gov.ie/en/directory/page/fe1b9a-intreo-centre-dunfanaghy/
1670338408-1034,https://www.gov.ie/en/directory/category/e1f4b5-intreo-offices/,Dundalk Intreo Centre,"Government Buildings, St. Alphonsus Road, Dundalk, Co Louth, A91 PP5W",Dundalk Intreo Centre,"54.00312,-6.38601",54.00312,-6.38601,https://www.gov.ie/en/directory/page/537e41-intreo-centre-dundalk/
1670338410-1035,https://www.gov.ie/en/directory/category/e1f4b5-intreo-offices/,Drogheda Intreo Centre,"Custom House Quay, Drogheda, Co Louth, A92 XPF2",Drogheda Intreo Centre,"53.714600, -6.347540",53.7146,-6.34754,https://www.gov.ie/en/directory/page/4f0db0-intreo-centre-drogheda-co-louth/
1670338413-1036,https://www.gov.ie/en/directory/category/e1f4b5-intreo-offices/,Donegal Social Welfare Control Office,"Public Service Centre, Donegal, F94 DK6C",Donegal Social Welfare Control Office,"54.65929,-8.08815",54.65929,-8.08815,https://www.gov.ie/en/directory/page/24859d-donegal-social-welfare-control-office/
1670338415-1037,https://www.gov.ie/en/directory/category/e1f4b5-intreo-offices/,Donegal Branch Office,"Unit 7 Donegal Shopping Centre, The Glebe, Donegal Town, Co Donegal, F94 WDOK",Donegal Branch Office,"54.65032,-8.11124",54.65032,-8.11124,https://www.gov.ie/en/directory/page/b063ac-donegal-branch-office/
1670338417-1038,https://www.gov.ie/en/directory/category/e1f4b5-intreo-offices/,Dingle Branch Office,"Goat Street, Dingle, Co Kerry, V92 WY60",Dingle Branch Office,"52.14374,-10.27411",52.14374,-10.27411,https://www.gov.ie/en/directory/page/c98b7b-dingle-branch-office/
1670338419-1039,https://www.gov.ie/en/directory/category/e1f4b5-intreo-offices/,Cork Street Intreo Centre,"Redmond's Hill, Dublin 2, D02 TD99",Cork Street Intreo Centre,,,,https://www.gov.ie/en/directory/page/c2d83-cork-street-dublin-8-intreo-centre/
1670338422-1040,https://www.gov.ie/en/directory/category/e1f4b5-intreo-offices/,Cork City Intreo Centre,"Abbey Court House, George's Quay, Cork, T12 C58A.",Cork City Intreo Centre,"51.89507157256908,-8.470575662220451",51.89507157,-8.470575662,https://www.gov.ie/en/directory/page/a16b65-intreo-centre-cork-abbeycourt-house/
1670338424-1041,https://www.gov.ie/en/directory/category/e1f4b5-intreo-offices/,Coolock Intreo Centre,"Northside Civic Centre, Bunratty Road, Coolock, Dublin 17, D17 K462",Coolock Intreo Centre,"53.393830, -6.206900",53.39383,-6.2069,https://www.gov.ie/en/directory/page/b88e18-intreo-centre-coolock-dublin-17/
1670338427-1042,https://www.gov.ie/en/directory/category/e1f4b5-intreo-offices/,Cobh Intreo Centre,"Lynch's Quay, Cobh, Co Cork, P24 PY06",Cobh Intreo Centre,"51.85069,-8.28999",51.85069,-8.28999,https://www.gov.ie/en/directory/page/0ed055-intreo-centre-cobh/
1670338429-1043,https://www.gov.ie/en/directory/category/e1f4b5-intreo-offices/,Clonmel Intreo Centre,"Harbour House, New Quay, Clonmel, Co Tipperary, E91 P9T7",Clonmel Intreo Centre,"52.35236,-7.6986",52.35236,-7.6986,https://www.gov.ie/en/directory/page/c83f88-intreo-centre-clonmel/
1670338431-1044,https://www.gov.ie/en/directory/category/e1f4b5-intreo-offices/,Clondalkin Intreo Centre,"9th Lock Road, Clondalkin, Dublin 22, D22 XP86",Clondalkin Intreo Centre,"53.324300, -6.395220",53.3243,-6.39522,https://www.gov.ie/en/directory/page/4d719d-intreo-centre-clondalkin-dublin-22/
1670338434-1045,https://www.gov.ie/en/directory/category/e1f4b5-intreo-offices/,Clonakilty Branch Office,"Unit 2, Supervalu Shopping Centre, Faxbridge, Clonakilty, Co. Cork , P85 FT50",Clonakilty Branch Office,"51.6228,-8.88746",51.6228,-8.88746,https://www.gov.ie/en/directory/page/5c67d1-clonakilty-branch-office/
1670338436-1046,https://www.gov.ie/en/directory/category/e1f4b5-intreo-offices/,Clifden Intreo Centre,"Galway Road, Clifden, Co Galway, H71 P660",Clifden Intreo Centre,"53.48819,-10.014",53.48819,-10.014,https://www.gov.ie/en/directory/page/07ec63-intreo-centre-clifden/
1670338438-1047,https://www.gov.ie/en/directory/category/e1f4b5-intreo-offices/,Claremorris Branch Office,"Unit 3, Clár Business Park, Old Ballindine Road, Claremorris, Co. Mayo, F12 N225",Claremorris Branch Office,"53.72317,-8.98614",53.72317,-8.98614,https://www.gov.ie/en/directory/page/b5e08c-claremorris-branch-office/
1670338440-1048,https://www.gov.ie/en/directory/category/e1f4b5-intreo-offices/,Cavan Intreo Centre,"Dublin Road, Cavan, H12 A250",Cavan Intreo Centre,"53.98299,-7.3571",53.98299,-7.3571,https://www.gov.ie/en/directory/page/ca409b-intreo-centre-cavan/
1670338443-1049,https://www.gov.ie/en/directory/category/e1f4b5-intreo-offices/,Castlerea Branch Office,"Main Street, Castlerea, Co. Roscommon, F45 DK58",Castlerea Branch Office,"53.76756,-8.48969",53.76756,-8.48969,https://www.gov.ie/en/directory/page/a48f22-castlerea-branch-office/
1670338445-1050,https://www.gov.ie/en/directory/category/e1f4b5-intreo-offices/,Castlepollard Branch Office,"The Square, Castlepollard, Co. Westmeath, N91 PR26",Castlepollard Branch Office,"53.68009,-7.29839",53.68009,-7.29839,https://www.gov.ie/en/directory/page/062a6a-castlepollard-branch-office/
1670338447-1051,https://www.gov.ie/en/directory/category/e1f4b5-intreo-offices/,Castleblayney Branch Office,"Monaghan Road, Castleblayney, Co. Monaghan, A75 RY64",Castleblayney Branch Office,"54.12129,-6.74057",54.12129,-6.74057,https://www.gov.ie/en/directory/page/0133f1-castleblaney-branch-office/
1670338450-1052,https://www.gov.ie/en/directory/category/e1f4b5-intreo-offices/,Castlebar Intreo Centre,"Michael Davitt House, Castlebar, Co Mayo, F23 KP04",Castlebar Intreo Centre,"53.85044,-9.28763",53.85044,-9.28763,https://www.gov.ie/en/directory/page/31223b-intreo-centre-castlebar/
1670338452-1053,https://www.gov.ie/en/directory/category/e1f4b5-intreo-offices/,Cashel Branch Office,"Bohermore, Cashel, Tipperary, E25 PA97",Cashel Branch Office,"52.51904,-7.88812",52.51904,-7.88812,https://www.gov.ie/en/directory/page/3a014d-cashel-branch-office/
1670338454-1054,https://www.gov.ie/en/directory/category/e1f4b5-intreo-offices/,Carrigaline Intreo Centre,"The Maltings, Main Street, Carrigaline, Co. Cork, P43 EH01",Carrigaline Intreo Centre,"51.81466,-8.39148",51.81466,-8.39148,https://www.gov.ie/en/directory/page/ab6cdd-intreo-centre-carrigaline/
1670338457-1055,https://www.gov.ie/en/directory/category/e1f4b5-intreo-offices/,Carrick on Suir Branch Office,"55 New Street, Carrick-on-Suir, Tipperary South, Co Tipperary, E32 NR76",Carrick on Suir Branch Office,"52.34729,-7.41018",52.34729,-7.41018,https://www.gov.ie/en/directory/page/9e5358-carrick-on-suir-branch-office/
1670338459-1056,https://www.gov.ie/en/directory/category/e1f4b5-intreo-offices/,Carrick-on-Shannon Intreo Centre,"Leitrim Road, Carrick-on-Shannon, Co Leitrim, N41 CY83",Carrick-on-Shannon Intreo Centre,"53.948040, -8.091880",53.94804,-8.09188,https://www.gov.ie/en/directory/page/f204fd-intreo-centre-carrick-on-shannon/
1670338462-1057,https://www.gov.ie/en/directory/category/e1f4b5-intreo-offices/,Carrickmacross Branch Office,"Ardee Road, Carrickmacross, Co Monaghan, A81 FW67",Carrickmacross Branch Office,"53.96828,-6.71607",53.96828,-6.71607,https://www.gov.ie/en/directory/page/c230b6-carrickmacross-branch-office/
1670338464-1058,https://www.gov.ie/en/directory/category/e1f4b5-intreo-offices/,Carlow Intreo Centre,"Kennedy Avenue, Carlow, R93 EC57",Carlow Intreo Centre,"52.83547,-6.9311",52.83547,-6.9311,https://www.gov.ie/en/directory/page/10c6d-carlow-intreo-centre/
1670338466-1059,https://www.gov.ie/en/directory/category/e1f4b5-intreo-offices/,Cahirciveen Intreo Centre,"St. Brendans Terrace, Caherciveen, Co Kerry, V23 TP08",Cahirciveen Intreo Centre,"51.94954,-10.2238",51.94954,-10.2238,https://www.gov.ie/en/directory/page/2823db-intreo-centre-cahirciveen/
1670338469-1060,https://www.gov.ie/en/directory/category/e1f4b5-intreo-offices/,Cahir Branch Office,"Market Yard, The Square, Cahir, Co. Tipperary, E21 VW67",Cahir Branch Office,"52.37479,-7.92182",52.37479,-7.92182,https://www.gov.ie/en/directory/page/374f5b-cahir-branch-office/
1670338471-1061,https://www.gov.ie/en/directory/category/e1f4b5-intreo-offices/,Buncrana Intreo Centre,"McCarter's Road, Buncrana, Ardaravan, F93 CH79",Buncrana Intreo Centre,"55.13089,-7.45039",55.13089,-7.45039,https://www.gov.ie/en/directory/page/3991d1-intreo-centre-buncrana/
1670338473-1062,https://www.gov.ie/en/directory/category/e1f4b5-intreo-offices/,Bray Intreo Centre,"Civic Offices, Main Street, Bray, Co Wicklow, A98 X6N3",Bray Intreo Centre,"53.201610, -6.108990",53.20161,-6.10899,https://www.gov.ie/en/directory/page/2af9a3-intreo-centre-bray-co-wicklow/
1670338476-1063,https://www.gov.ie/en/directory/category/e1f4b5-intreo-offices/,Boyle Branch Office,"Elphin Street, Boyle, Co. Roscommon, F52 AY89",Boyle Branch Office,"53.96836,-8.30277",53.96836,-8.30277,https://www.gov.ie/en/directory/page/708ab9-boyle-branch-office/
1670338478-1064,https://www.gov.ie/en/directory/category/e1f4b5-intreo-offices/,Blanchardstown Intreo Centre,"Westend House, Snugborough Road, Dublin 15, D15 WA27",Blanchardstown Intreo Centre,"53.391160, -6.384330",53.39116,-6.38433,https://www.gov.ie/en/directory/page/750f6b-intreo-centre-blanchardstown-dublin-15/
1670338480-1065,https://www.gov.ie/en/directory/category/e1f4b5-intreo-offices/,Bishop's Square Intreo Centre,"Redmond's Hill, Dublin 2, D02 TD99",Bishop's Square Intreo Centre,"53.338270, -6.266870",53.33827,-6.26687,https://www.gov.ie/en/directory/page/6f8fea-intreo-centre-bishops-square/
1670338483-1066,https://www.gov.ie/en/directory/category/e1f4b5-intreo-offices/,Birr Branch Office,"Green Street, Birr, Co. Offaly, R42 R271",Birr Branch Office,"53.09689,-7.91256",53.09689,-7.91256,https://www.gov.ie/en/directory/page/5a903e-birr-branch-office/
1670338485-1067,https://www.gov.ie/en/directory/category/e1f4b5-intreo-offices/,Belmullet Intreo Centre,"American Street, Belmullet, Co Mayo, F26 AP66",Belmullet Intreo Centre,"54.2252,-9.98793",54.2252,-9.98793,https://www.gov.ie/en/directory/page/eb4725-intreo-centre-belmullet/
1670338488-1068,https://www.gov.ie/en/directory/category/e1f4b5-intreo-offices/,Bantry Social Welfare Control Office,"7 Main Street, Bantry, Co Cork, P75 E046",Bantry Social Welfare Control Office,"51.67868,-9.44977",51.67868,-9.44977,https://www.gov.ie/en/directory/page/06ca4a-bantry-social-welfare-local-office/
1670338490-1069,https://www.gov.ie/en/directory/category/e1f4b5-intreo-offices/,Bantry Branch Office,"Social Welfare Branch Office, Bridge Street, Bantry, Co Cork, P75 RY96",Bantry Branch Office,"51.67868,-9.44977",51.67868,-9.44977,https://www.gov.ie/en/directory/page/f3b76d-social-welfare-branch-office-bantry-co-cork/
1670338493-1070,https://www.gov.ie/en/directory/category/e1f4b5-intreo-offices/,Bandon Branch Office,"96 North Main Street, Bandon, Co. Cork, P72 DY64",Bandon Branch Office,"51.74674,-8.73619",51.74674,-8.73619,https://www.gov.ie/en/directory/page/0de598-social-welfare-branch-office-bandon-co-cork/
1670338495-1071,https://www.gov.ie/en/directory/category/e1f4b5-intreo-offices/,Baltinglass Intreo Centre,"Edward Street, Baltinglass, Co Wicklow, W91 CF9T",Baltinglass Intreo Centre,"52.940490, -6.710780",52.94049,-6.71078,https://www.gov.ie/en/directory/page/784d90-intreo-centre-baltinglass-co-wicklow/
1670338497-1072,https://www.gov.ie/en/directory/category/e1f4b5-intreo-offices/,Ballyshannon Branch Office,"East Port, Ballyshannon, Co. Donegal, F94 P797",Ballyshannon Branch Office,"54.49945,-8.18809",54.49945,-8.18809,https://www.gov.ie/en/directory/page/49d06c-ballyshannon-branch-office/
1670338499-1073,https://www.gov.ie/en/directory/category/e1f4b5-intreo-offices/,Ballymun Intreo Centre,"Main Street, Ballymun, Dublin 9, D09 K8W2",Ballymun Intreo Centre,"53.394770, -6.263730",53.39477,-6.26373,https://www.gov.ie/en/directory/page/142812-intreo-centre-ballymun-dublin-9/
1670338502-1074,https://www.gov.ie/en/directory/category/e1f4b5-intreo-offices/,Ballyfermot Intreo Centre,"Rossmore Avenue, Dublin 10, D10 R840",Ballyfermot Intreo Centre,"53.344310, -6.358290",53.34431,-6.35829,https://www.gov.ie/en/directory/page/c996f7-intreo-centre-ballyfermot/
1670338504-1075,https://www.gov.ie/en/directory/category/e1f4b5-intreo-offices/,Ballyconnell Branch Office,"Unit 5, The Conall Building, Main Street, Ballyconnell, Co. Cavan, H14 EH04",Ballyconnell Branch Office,"54.11657,-7.5832",54.11657,-7.5832,https://www.gov.ie/en/directory/page/8daa81-ballyconnell-branch-office/
1670338506-1076,https://www.gov.ie/en/directory/category/e1f4b5-intreo-offices/,Ballybofey Branch Office,"Garvan House, Main Street, Ballybofey, Co. Donegal, F93 VFK2",Ballybofey Branch Office,"54.79912,-7.78243",54.79912,-7.78243,https://www.gov.ie/en/directory/page/2a6607-ballybofey-branch-office/
1670338509-1077,https://www.gov.ie/en/directory/category/e1f4b5-intreo-offices/,Ballinrobe Branch Office,"New Street, Ballinrobe, Co. Mayo, F31 PD37",Ballinrobe Branch Office,"53.62078,-9.22035",53.62078,-9.22035,https://www.gov.ie/en/directory/page/8beeca-ballinrobe-branch-office/
1670338511-1078,https://www.gov.ie/en/directory/category/e1f4b5-intreo-offices/,Ballinasloe Branch Office,"Unit 1-2, Riverview, Main St., Ballinasloe, Co. Galway, H53 W274",Ballinasloe Branch Office,"53.33136,-8.22084",53.33136,-8.22084,https://www.gov.ie/en/directory/page/4a261e-social-welfare-branch-office-ballinasloe/
1670338513-1079,https://www.gov.ie/en/directory/category/e1f4b5-intreo-offices/,Ballina Intreo Centre,"Government Buildings, Ballina, Co Mayo",Ballina Intreo Centre,"54.11698,-9.15162",54.11698,-9.15162,https://www.gov.ie/en/directory/page/38b946-intreo-centre-ballina/
1670338516-1080,https://www.gov.ie/en/directory/category/e1f4b5-intreo-offices/,Balbriggan Intreo Centre,"Gallens Mill, Mill Street, Balbriggan, Co Dublin, K32 Y571",Balbriggan Intreo Centre,,,,https://www.gov.ie/en/directory/page/095053-intreo-centre-balbriggan-co-dublin/
1670338518-1081,https://www.gov.ie/en/directory/category/e1f4b5-intreo-offices/,Athy Branch Office,"Leinster Street, Athy, Com Kildare, R14 W899",Athy Branch Office,"52.99297,-6.97831",52.99297,-6.97831,https://www.gov.ie/en/directory/page/ed9684-athy-branch-office/
1670338520-1082,https://www.gov.ie/en/directory/category/e1f4b5-intreo-offices/,Athlone Intreo Centre,"Government Offices, Grace Park Road, Athlone, Co Westmeath, N37 K7N2",Athlone Intreo Centre,"53.42428,-7.92941",53.42428,-7.92941,https://www.gov.ie/en/directory/page/2a9637-intreo-centre-athlone-co-westmeath/
1670338523-1083,https://www.gov.ie/en/directory/category/e1f4b5-intreo-offices/,Arklow Intreo Centre,"Castle Park, Arklow, Co Wicklow, Y14 CK25",Arklow Intreo Centre,"52.795870, -6.154660",52.79587,-6.15466,https://www.gov.ie/en/directory/page/9cf9b4-intreo-centre-arklow-co-wicklow/
1670338525-1084,https://www.gov.ie/en/directory/category/e1f4b5-intreo-offices/,Ardee Branch Office,"Moore Hall, Ardee, Co Louth, A92 XE2K",Ardee Branch Office,"53.85321,-6.53556",53.85321,-6.53556,https://www.gov.ie/en/directory/page/25680-ardee-social-welfare-branch-office/
1670338527-1085,https://www.gov.ie/en/directory/category/e1f4b5-intreo-offices/,Achill Intreo Centre,"Achill Sound, Co Mayo, F28 CD50",Achill Intreo Centre,"53.9334,-9.91851",53.9334,-9.91851,https://www.gov.ie/en/directory/page/ad7a9e-intreo-centre-achill/
1670338313-994,https://www.gov.ie/en/directory/category/e1f4b5-intreo-offices/,Navan Road Intreo Centre,"Abbey Buildings, Abbey Mall, Navan, Co Meath, C15 K7PY",Navan Road Intreo Centre,,,,https://www.gov.ie/en/directory/page/1aa58f-intreo-centre-navan-road-dublin-7/
