address,Longitude,Latitude
"195 Willis St, Wellington",174.77349,-41.29157678
"28 North Park Drive, Kaitaia",173.2614705,-35.097975
"Memorial Ave, Kaikohe",173.7999687,-35.40992375
"Fairway Drive, Kerikeri",173.9471828,-35.2256507
"62-66 Gillies St, Kawakawa",174.0667545,-35.379927
"3-5 Albert St, Whangarei",174.3211035,-35.727597
"424 Kamo Rd, Kamo, Whangarei",174.300597,-35.68248
"68-72 Normanby St, Dargaville",173.8698435,-35.939763
"Shop 5, 37 Queen St, Warkworth",174.6639585,-36.397782
"27 Florence Ave, Orewa, Auckland",174.6930375,-36.585153
"Shops 1+2, 44 Corinthian Drive, Albany, Auckland",174.712833,-36.729675
"519 Lake Rd, Takapuna, Auckland",174.7715489,-36.78838351
"2 Kaipatiki Road, Glenfield, Auckland",174.7204515,-36.781965
"420 Glenfield Rd, Glenfield, Auckland",174.7208295,-36.782982
"36-38 Commercial Rd, Helensville, Auckland",174.4503667,-36.67753701
"36-44 Sel Peacock Drive, Henderson, Auckland",174.6319995,-36.875781
"22-24 Cabernet Cres, Westgate, Auckland",174.609297,-36.823032
"5-9 Hugh Brown Drive, New Lynn, Auckland",174.6813465,-36.906957
"46-48 Rosebank Rd, Avondale, Auckland",174.697794,-36.894708
"Cnr Oates & Captain Scott Rds, Glen Eden, Auckland",174.652695,-36.9120015
"861 New North Rd, Mt Albert, Auckland",174.7169145,-36.882837
"193 Dominion Rd, Mt Eden, Auckland",174.7511685,-36.874971
"116 Ocean View Rd, Waiheke Island, Auckland",175.0092525,-36.782415
"16 Kingston St, Auckland",174.7630935,-36.847602
"440-452 Queen St, Auckland",174.7655809,-36.84788008
"536 Mt Albert Rd, Mt Roskill, Auckland",174.754827,-36.909288
"201-211 Onehunga Mall, Onehunga, Auckland",174.785481,-36.922248
"40-42 Mayfair Place, Glen Innes, Auckland",174.8552445,-36.878454
"491 Pakuranga Highway, Highland Park, Auckland",174.9071654,-36.89798595
"4 Fairburn Rd, Otahuhu, Auckland",174.8479436,-36.94723451
"328 Great South Rd, Hunters Corner, Auckland",174.864069,-36.972927
"93 Mascot Ave, Mangere, Auckland",174.802293,-36.971397
"52 Lovegrove Cres, Otara, Auckland",174.8771235,-36.961245
"Cnr Osterley & Amersham Ways, Manukau, Manukau City",174.8790405,-36.991386
"21 Putney Way, Manukau City",174.878181,-36.993177
"12 Selwyn Rd, Manurewa, Auckland",174.8952315,-37.02384
"Cnr Roscommon & Palmers Rds, Clendon, Auckland",174.8696265,-37.033434
"20-22 Queen St, Papakura, Auckland",174.938976,-37.062351
"7-9 Tobin St, Pukekohe, Auckland",174.902598,-37.198953
"57A Queen St, Waiuku",174.73084,-37.25062755
"646 Pollen St, Thames",175.541436,-37.136781
"Rotokohu Rd, Paeroa",175.6910145,-37.41657878
"16 Seddon St, Waihi",175.8400155,-37.391823
"78 Arawa St, Matamata",175.7737125,-37.809153
"239 Thames St, Morrinsville",175.5299745,-37.65699
"37 William St, Huntly",175.1609385,-37.558449
"cnr Newcastle & Gallileo Sts, Ngaruawahia",175.1500013,-37.666332
"3 Fifth Avenue, Five Cross Roads, Hamilton",175.293819,-37.772307
"820 Victoria St, Hamilton",175.277637,-37.781019
"124 Grey St, Hamilton East, Hamilton",175.2963345,-37.798956
"Cnr Whatawhata & Tuhi Karamea Rds, Dinsdale, Hamilton",175.2474465,-37.7949285
"69 Duke St, Cambridge",175.471326,-37.895013
"20 Vaile St, Te Awamutu",175.3237884,-38.01188484
"cnr Spring and Durham Sts, Tauranga",176.1673905,-37.684458
"47-53 Courtney Rd, Greerton, Tauranga",176.1449225,-37.71641011
"9 Owens Place, Bayfair, Tauranga",176.2223625,-37.678293
"99 Jellicoe St, Te Puke",176.326632,-37.784466
"Pyne St, Whakatane",176.9933258,-37.95436425
"Units L, M, N & O, Tarawera Mall, Kawerau",176.7201926,-38.0944813
"93 Church St, Opotiki",177.2843805,-38.007054
"41 Pine Drive, Murupara",176.7048795,-38.456928
"1207 Pukuatua St, Rotorua",176.2502715,-38.13669
"227 Mannering Street, Tokoroa",175.8708225,-38.218815
"77 Heu Heu St, Taupo",176.0734454,-38.68851122
"Town Centre, 69 Ohuanga Rd, Turangi",175.8036645,-38.994039
"45 Taupiri St, Te Kuiti",175.1666355,-38.33415
"Marae St, Taumarunui",175.2611547,-38.88493282
"18 Goldfinch St, Ohakune",175.3994835,-39.4173
"32 Tui St, Taihape",175.800843,-39.677283
"25 Queen St, Waitara",174.2374215,-39.001707
"37 Dawson St, New Plymouth",174.0683925,-39.059325
"65-67 Miranda St, Stratford",174.283677,-39.341016
"15-19 Union St, Hawera",174.281895,-39.588165
"153 St Hill St, Whanganui",175.0482636,-39.93214431
"238-248 Broadway, Marton",175.378662,-40.067028
"Lowe St, Gisborne",178.0247284,-38.6690778
"32 Barry Ave, Ruatoria",178.3185885,-37.894878
"236- 238  Marine Parade, Wairoa",177.4242028,-39.0336799
"Tennyson St, Napier",176.9133515,-39.49078203
"15 Lee Rd, Taradale, Napier",176.849253,-39.53583
"8 Swansea Rd, Flaxmere, Hastings",176.7863475,-39.624822
"506 Eastbourne Rd, Hastings",176.8372605,-39.638304
"16 Northumberland St, Waipukurau",176.5551555,-39.993507
"1 Marlborough St, Waipukurau",176.5551555,-39.993507
"77-79 High St, Dannevirke",176.098257,-40.209021
"110-114 Manchester St, Feilding",175.5630225,-40.224708
"509-511 Main St, Palmerston North",175.6142235,-40.354569
"49-51 Lincoln Rd, Masterton",175.659029,-40.94740475
"Cnr Wharf and Main St, Foxton",175.2815205,-40.473621
"Cnr Salisbury & Durham Sts, Levin",175.2817905,-40.623768
"21 Main St, Otaki",175.137993,-40.752315
"Shop 63 Coastlands Shopping Mall, Paraparaumu",175.0047114,-40.91675511
"4 Lydney Place, Porirua",174.8414295,-41.134887
"162-164 Main St, Upper Hutt",175.0731643,-41.12421412
"2A Vogel St, Naenae, Upper Hutt",174.946515,-41.19974686
"5 Te Ara Raukura, Lower Hutt",174.9451904,-41.26049817
"Cnr 317 High St & Queens Drive, Lower Hutt",174.907134,-41.207202
"9-11 Kings Cres, Lower Hutt",174.907692,-41.207886
"33-39 Johnsonville Rd, Johnsonville, Wellington",174.8075265,-41.223105
"94-96 Riddiford St, Newtown, Wellington",174.7788705,-41.311296
"236 High St, Motueka",173.0107125,-41.113494
"65 Commercial St, Takaka",172.8061425,-40.857957
"3 Alfred St, Blenheim",173.959211,-41.5109007
"Unit 3, 78 Beach Rd, Kaikoura",173.6793945,-42.392871
"22 Bridge St, Nelson",173.282283,-41.272641
"275-279 Queen St, Richmond, Nelson",173.1831893,-41.33801653
"112-116 Mackay St, Greymouth",171.2118619,-42.44872248
"212 Palmerston St, Westport",171.5985765,-41.756085
"4-6 High St, Rangiora",172.600371,-43.277121
"203 Hills Rd, Shirley, Christchurch",172.651419,-43.508943
"56 Langdons Rd, Papanui, Christchurch",172.6052985,-43.491753
"30 Beresford St, New Brighton, Christchurch",172.72872,-43.507917
"248 Linwood Ave, Linwood, Christchurch",172.67346,-43.534071
"76-80 Riccarton Rd, Riccarton, Christchurch",172.6029945,-43.529391
"25-33 Shands Rd, Hornby, Christchurch",172.523871,-43.54623
"39 Durham St, Sydenham, Christchurch",172.633473,-43.545861
"153 Tancred St, Ashburton",171.7484762,-43.90660804
"7-15 Beswick St, Timaru",171.2537235,-44.39565
"23 Coquet St, Oamaru",170.969076,-45.097335
"57 Tarbert St, Alexandra",169.3932705,-45.255402
"22 Factory Rd, Mosgiel",170.350542,-45.873225
"Remarkables Park, Frankton, Queenstown",168.7387197,-45.02869807
"265 Princes St, Dunedin",170.50176,-45.87804
"Rankeilor Rd, South, Dunedin",170.5002207,-45.89453871
"25 College St, Dunedin",170.4789945,-45.897165
"Cnr George & Charlotte Sts, Balclutha",169.7368815,-46.237617
"24 Traford St, Gore",168.9461235,-46.096497
"33 Gala St, Invercargill",168.3484785,-46.406547
"16 Commercial Road, Helensville, 0840",174.4495717,-36.67889046
"39 Rue Lavaud, Akaroa, 7520",172.9686558,-43.80311347
"125 Ruataniwha Street, Waipukurau, 4200",176.552599,-39.99485695
"9 Tuku Road, Waitangi, Chatham Islands, 8942",-176.5610584,-43.95195575
"6 John Street, Balclutha, 9230",169.7389371,-46.23876691
"45 Tiki Road, Coromandel, 3506",175.4977702,-36.76015648
"60 Onslow Street, Kawerau, 3127",176.7030063,-38.08758587
"21 Pyne Street, Whakatane, 3080",176.9930402,-37.95432097
"93A Church Street, Opotiki, 3122",177.2843911,-38.00690151
"21 Luxmore Drive, Te Anau, 9600",167.7195359,-45.41587956
"84 Commercial Street, Takaka, 7110",172.8073876,-40.85755039
"64 Main Street, Fairlie, 7925",170.8295575,-44.09881499
"150 Palmerston Street, Westport, 7825",171.5981136,-41.7539025
"49 Tancred Street, Hokitika, 7810",170.9628656,-42.71690469
"105 Beach Road, Kaikoura, 7300",173.6789348,-42.38981014
"1 Mount Cook Street, Twizel, 7901",170.0965725,-44.25340687
"12 Paul Street, Waimate, 7924",171.0491393,-44.73477011
"73 Brownston Street, Wanaka, 9305",169.1351875,-44.69693464
"1 Charlton Lane, Gore, 9710",168.9335762,-46.11435109
"10 Gordon Street, Dannevirke, 4930",176.0990231,-40.20815942
"77 Heu Heu Street, Taupo, 3330",176.0733736,-38.68845394
"25 Shands Road, Christchurch, 8042",172.5246018,-43.54555938
"9 Marae Street, Taumarunui, 3920",175.2606259,-38.88360545
"32 Tui Street, Taihape 4720",175.8008749,-39.67724497
"Hekiera Road, Ruatoria, 4032",178.3184356,-37.89283881
"37 Hampshire Street, Aranui, Christchurch 8061",172.7010211,-43.5112343
"55 Raumanga Valley Road, Whangarei, 0110",174.3044416,-35.74044463
"82 Manukau Road, Pukekohe, 2120",174.909004,-37.20408152
