office,address,town
AJOFM Alba,"Nicolae Titulescu nr. 10B, bl. Columna, Alba Iulia, jud. Alba",Alba
Punct de lucru Aiud,"Cuza Voda nr. 23 , Aiud, jud. Alba",Aiud
Punct de lucru Blaj,"Eroilor nr. 22, Blaj, jud. Alba",Blaj
Punct de lucru Cugir,"Victoriei nr 9, Cugir, jud. Alba",Cugir
Punct de lucru Sebes,"Lucian Blaga nr.90, Sebes,jud. Alba",Sebes
Agentia Locala Campeni,"Piata Revolutiei 1848 nr. 7,  bl. C2A -C2B, Campeni, jud. Alba",Campeni
Punct de lucru Baia de Aries,"22 Decembrie nr.14, Baia de Aries,jud. Alba",Baia de Aries
AJOFM Arad,"Arad, str. Calugareni, nr. 1 A",Arad
Punct de lucru Sebis,"sebis, str. Pacii nr. 2 Sebis",Sebis
Punct de lucru Chisineu Cris,"Chisineu-Cris, str.Teilor, nr.2 Chisineu Cris",Chisineu Cris
Punct de lucur Lipova,"Lipova, str. Brancovici nr. 5",Lipova
AJOFM Arges,Republicii nr 11 Arges,Arges
Punct de lucru Costesti,Victoriei nr 65 Costesti,Costesti
Punct de lucru Mioveni,Radu cel Frumos nr 1 Mioveni,Mioveni
Punct de lucru Topoloveni,"Parcului, bl.CU2 ,parter Topoloveni",Topoloveni
ALOFM Campulung,Ion Mihalache nr 109 Campulung,Campulung
ALOFM Curtea de Arges,Albesti nr 1 Curtea de Arges,Curtea de Arges
AJOFM Bacau,str. I. s.sturza nr. 63 Bacau,Bacau
Punct de lucru Onesti,str. Republicii nr. 43 Onesti,Onesti
Punct de lucru Comanesti,str .Pietei bl F6 ap. 3 Comanesti,Comanesti
Punct de lucru Moinesti,str .V Alecsandri nr. 52 Moinesti,Moinesti
Punct de lucru  Buhusi,"str. 1 Mai, nr. 1 Buhusi",Buhusi
Punct de lucru Tg Ocna,"str. Constas Dimonisie, bl E 5, parter Tg Ocna",Tg Ocna
Punct de lucru Racaciuni,"str. stefan Cel Mare, nr. 1D Racaciuni",Racaciuni
Punct de lucru Podu Turcului,"Incinta Primariei , str. Principala Podu Turcului",Podu Turcului
AJOFM Bihor,"Oradea, strada Transilvaniei nr 14 Bihor",Bihor
Punct de lucru Alesd,"Alesd , strada Randunicii nr 4",Alesd
Punct de lucru Beius,"Beius, strada samuil Vulcan nr 16",Beius
Punct de lucru Marghita,"Marghita, strada Eroilor nr. 9",Marghita
Punct de lucru Salonta ,"salonta, strada Republicii nr 22 bloc D6 parter Salonta",Salonta
AJOFM Bistrita-Nasaud,Str. Lalelelor nr. 3A Bistrita-Nasaud,Bistrita-Nasaud
Punct de lucru Beclean,Aleea Zorilor PT Beclean,Beclean
Punct de lucru Nasaud,Mihai Eminescu nr.1 Nasaud,Nasaud
AJOFM Botosani,"strada Colonel Victor Tomoroveanu,nr. 2, jud.Botosani",Botosani
Punct de lucru Dorohoi,"strada Postei, nr.3, jud.Botosani Dorohoi",Dorohoi
Punct de lucru Darabani,"strada Pietei,nr.6,Orasul Darabani,jud.Botosani",Darabani
Punct de lucru Saveni,"str.Tudor Vladimirescu, Nr. 21, bl.2, parter, Orasul saveni, jud.Botosani Saveni",Saveni
Punct de lucru Stefanesti,"str.Principala, jud.Botosani Stefanesti",Stefanesti
AJOFM Braila,"B-dul Dorobantilor, Nr. 603-605 Braila",Braila
Punct de lucru Insuratei,str soseaua Brailei nr.18 Insuratei,Insuratei
Punct de lucru Faurei,str. Rebublicii nr.34-36 Faurei,Faurei
AJOFM Brasov,"Brasov, str. Lunga, nr. 1A",Brasov
Punct de lucru Fagaras,"Fagaras, str. Libertatii nr. 11",Fagaras
Punct de lucru Rupea,"Rupea, str. Republicii nr. 92",Rupea
Punct de lucru Zarnesti,"Zarnesti, str. 13 Decembrie nr. 18",Zarnesti
Punct de lucru Rasnov,"Rasnov, str. Republicii nr. 29",Rasnov
Punct de lucru Sacele,"sacele, str. George Moroianu nr. 111 Sacele",Sacele
Punct de lucru Codlea,"Codlea, str. Muntisor nr. 12",Codlea
AJOFM Buzau,"Buzau, str.Ion Baiesu, bloc 3A, parter",Buzau
ALOFM Buzau,"Buzau, str.Pacii, nr. 29",Buzau
Punct de lucru Ramnicu sarat,"Rm. sarat, str. plt. Torcaru, nr. 12 bis Ramnicu sarat",Ramnicu sarat
Punct de lucru Patarlagele,"Patirlagele, bl. C1, parter Patarlagele",Patarlagele
Punct de lucru Nehoiu,"Nehoiu, str.Mihai Viteazul, nr.3bis, bl.30-31, parter",Nehoiu
Punct de lucru Pogoanele,"Pogoanele, str. Libertatii, Bl.4, parter",Pogoanele
AJOFM Calarasi,sTRADA 13 DECEMBRIE NR.12 Calarasi,Calarasi
Punct de lucru Lehiu Gara,sTRADA POMPIERILOR NR.3 Lehiu Gara,Lehiu Gara
ALOFM Oltenita,"sTRADA ARGEsULUI, NR.111-113 Oltenita",Oltenita
AJOFM Caras-severin,"str.Traian Lalescu,nr.17 Caras-severin",Caras-severin
ALOFM Caransebes,"str.Piata Gen.Ioan Dragalina,nr.2 Caransebes",Caransebes
Punct de lucru Baile Herculane,"str. Mihai Eminescu,nr.2 Baile Herculane",Baile Herculane
Punct de lucru Moldova-Noua,"str.Dunarii,nr.1 Moldova-Noua",Moldova-Noua
Punct de lucru Bocsa,"str.Autogarii,nr.6 Bocsa",Bocsa
Punct de lucru Oravita,"str.1Decembrie 1918,nr.60 Oravita",Oravita
Punct de lucru Bozovici,"str.Policlinicii,nr.1 Bozovici",Bozovici
Punct de lucru Anina,"str.sfanta Varvara,Bl.E Anina",Anina
Punct de lucru Otelu Rosu,"str.22Decembrie1989,Nr.1 Otelu Rosu",Otelu Rosu
AJOFM CLUJ ,George Cosbuc nr. 2 CLUJ,CLUJ
Punct de lucru  Huedin,Horea nr. 5 Huedin,Huedin
ALOFM Turda,Putna nr.4 Turda,Turda
Punct de lucru Campia Turzii,Laminoristilor nr.14 Campia Turzii,Campia Turzii
ALOFM  Dej,Marasesti nr.9A Dej,Dej
Punct de lucru  Gherla,1 Decembrie nr.17A Gherla,Gherla
AJOFM Constanta,Lacului nr 14 Constanta,Constanta
Punct de lucru Medgidia,Republicii nr 60B Medgidia,Medgidia
Punct de lucru Mangalia,sos Constantei nr 27 Mangalia,Mangalia
Punct de lucru Navodari,Albinelor nr 10 bl A2B parter Navodari,Navodari
Punct de lucru Harsova,Revolutiei nr 37 Harsova,Harsova
AJOFM Covasna,"Jud. Covasna, Localitatea sfantu Gheorghe, 
str. Gen. Grigore Balan nr. 14",Covasna
Punct de lucru Baraolt,"Jud. Covasna, Localitatea Baraolt, 
Piata Libertatii Nr.42, bl. 4/E, ap. 3",Baraolt
Punct de lucru Covasna,"Jud. Covasna, Localitatea Covasna, 
str. Unirii nr.3, bl. 9, sc. E, ap. 2",Covasna
Punct de lucru Intorsura Buzaului,"Jud. Covasna, Localitatea Intorsura Buzaului, 
str. Ciucas, bl. 11D, ap. 3",Intorsura Buzaului
Punct de lucru Targu secuiesc,"Jud. Covasna, Localitatea Targu secuiesc, 
str. 1 Decembrie 1918 nr. 18, bl. 21, sc. B, ap. 2",Targu secuiesc
Centrul Resursa din cadrul C.P.F.P.A.,"Jud. Covasna, Localitatea sfantu Gheorghe, str.Garoafei nr.11,ap.6, parter",
AJOFM Dambovita,"Targoviste, str. Tudor Vladimirescu, nr.1A Dambovita",Dambovita
Punct de lucru Baleni,"Baleni Romani, str. Învatator Florea Popescu, nr.2",Baleni
Punct de lucru Gaesti,"Gaesti, str. Cuza Voda, Biblioteca Oraseneasca parter",Gaesti
Punct de lucru Moreni,"Moreni, str. Cpt. Pantea Ion, nr.12, et.2, ap.4",Moreni
Punct de lucru Pucioasa,"Pucioasa, str. Republicii, nr.118 bis",Pucioasa
Punct de lucru Titu,"Titu, str. Garii, nr.53",Titu
AJOFM Dolj,"Craiova, str. Eugeniu Carada, nr. 13 A, Jud.Dolj",Dolj
Agentia Locala pentru Ocuparea Fortei de Munca Craiova,"Craiova, str. Eugeniu Carada nr. 13 A, Jud.Dolj pentru Ocuparea Fortei de Munca Craiova",pentru Ocuparea Fortei de Munca Craiova
Punct de lucru Bailesti,"str. Victoriei, bl. A 0, parter Bailesti",Bailesti
Punct de lucru Bechet,"str. Tudor Arghezi, nr. 15 Bechet",Bechet
Punct de lucru Calafat,"str. A.I.Cuza, nr. 4 Calafat",Calafat
Punct de lucru Filiasi,"Bd. Racoteanu, nr. 160 Filiasi",Filiasi
Punct de lucru segarcea,"str. Republicii, nr. 141 segarcea",segarcea
AJOFM Galati,Domneasca Nr.191 Galati,Galati
Punct lucru Tecuci,Mihail Kogalniceanu Nr.60 Tecuci,Tecuci
Punct de lucru Tg Bujor ,G-ral Eremia Grigorescu Nr. 28 Tg Bujor,Tg Bujor
AJOFM Giurgiu,"Bld. Bucuresti, bloc 202/5D, mezanin, Giurgiu",Giurgiu
Punct de lucru Bolintin Vale,"str. Republicii, nr. 4E, Bolintin Vale",Bolintin Vale
AJOFM Gorj,"strada Locotenent Colonel Dumitru Petrescu nr.1, Tg. Jiu, jud. Gorj",Gorj
Punctul de lucru Rovinari,"B-dul Florilor, bl.B1, et.2, Rovinari, Gorj",Rovinari
Punctul de lucru Motru,"B-dul Trandafirilor, bl.A, parter, Motru, Gorj",Motru
Punctul de lucru Tg. Carbunesti,"strada Minerilor, nr.6, Tg. Carbunesti, Gorj ",Tg. Carbunesti
Punctul de lucru Novaci,"strada Eroilor, Zona Pietei, nr. 36, Novaci,  Gorj",Novaci
AJOFM Harghita,"Miercurea Ciuc, B-dul Fratiei nr.2 Harghita",Harghita
Punct de lucru Gheorgheni,"Gheorgheni, str. Gabor Aron, nr.1/A ",Gheorgheni
Punct de lucru Toplita,"Toplita, str. Nicolae Balcescu nr. 14",Toplita
ALOFM Odorheiu-secuiesc,"Odorheiu-secuiesc, str. Tompa Laszlo, nr. 59/B",Odorheiu-secuiesc
Punct de lucru Cristuru secuiesc,"Cristuru secuiesc, str. Libertatii, nr. 16",Cristuru secuiesc
AJOFM Hunedoara,"Deva, Piata Unirii, nr.2 Hunedoara",Hunedoara
Punct de Lucru Brad,"Brad, str.Independentei, nr.3",Brad
Punct de Lucru Ilia,"Ilia, str. Libertatii nr. 56",Ilia
Punct de Lucru simeria,"simeria, Piata Unirii, C.T.4",simeria
Punct de Lucru Orastie,"Orastie, str. O. Goga, nr. 25",Orastie
Punct de Lucru Calan,"Calan, str. Independentei, nr. 13, parter",Calan
Punct de Lucru Hateg,"Hateg, str. Libertatii, nr. 5",Hateg
Agentia Locala Hunedoara,"Hunedoara, B-dul Corvin, nr. 14",Hunedoara
Agentia Locala Petrosani,"Petrosani, str. 1 Decembrie 1918, nr. 90",Petrosani
Punct de Lucru Vulcan,"Vulcan, str. Mihai  Viteazu, Bloc 92, parter",Vulcan
Punct de Lucru Lupeni,"Lupeni, str. Narciselor, nr. 11",Lupeni
Comp. Formare Profesionala Deva,"Deva, str. Aurel Vlaicu nr. 25",Deva
Comp. Formare Profesionala Petrosani,"Petrosani, str.  22  Decembrie nr. 6",Petrosani
AJOFM Ialomita,"slobozia, str. Lacului, nr.10 Ialomita",Ialomita
ALOFM slobozia,"slobozia, str. Matei Basarab, bl. F1, parter",slobozia
Punct de lucru Fetesti,"Fetesti, str.Calarasi, bl.U3, parter",Fetesti
Punct de lucru Tandarei,"Tandarei, str. Bucuresti, bl. 52 H, parter",Tandarei
Punct de lucru Urziceni,"Urziceni, str. Regele Ferdinand, nr.67",Urziceni
AJOFM Iasi,"Mun. Iasi, soseaua Nationala nr. 1, Judetul Iasi",Iasi
ALOFM Pascani,"Mun. Pascani, str. Gradinitei, bl. G1, parter, judetul Iasi",Pascani
Punct de lucru Targu Frumos,"oras Tg. Frumos,str. Maicuta, nr. 5,   judetul Iasi Targu Frumos",Targu Frumos
Punct de lucru Harlau,"oras Harlau, str. Nicolae Iorga nr. 71, judetul Iasi",Harlau
AJOFM Maramures,"Baia Mare, str.Hortensiei, nr.1A Maramures",Maramures
AGENTIA LOCALA BAIA MARE,nan AGENTIA LOCA BAIA MARE,AGENTIA LOCA BAIA MARE
Punct de lucru Sighetu Marmatiei ,"sighetu Marmatiei, str. Al. Ivasiuc, nr.17 Sighetu Marmatiei",Sighetu Marmatiei
Punct de lucru Targu  Lapus,"Targu  Lapus, str.Tiblesului, nr. 2 ",Targu  Lapus
Punct de lucru Borsa,"Borsa, str. Decebal, nr. 2",Borsa
Punct de lucru Viseu de sus ,"Viseu de sus, str. 22 Decembrie, nr. 19",Viseu de sus
Centrul de Formare Profesionala a Adultilor,"Baia Mare, str. 8 Martie nr. 7 B a Adultilor",a Adultilor
AJOFM Mehedinti,Bld. Carol I nr. 3 Mehedinti,Mehedinti
Punct de lucru Orsova,str. Portile de fier nr. 26 Orsova,Orsova
Punct de lucru strehaia,str. Unirii nr. 14 strehaia,strehaia
Punct de lucru Cujmir,Bl. 1 ap. 3 Cujmir,Cujmir
Punct de lucru Vanju Mare,str. Republicii nr. 97 Vanju Mare,Vanju Mare
Punct de lucru Baia de Arama,str. Republicii nr. 29 Baia de Arama,Baia de Arama
AJOFM Mures,"Tg. Mures, str. Iuliu Maniu, nr.2",Mures
Punct de lucru Ludus,"Ludus, str. Republicii, nr. 43,",Ludus
Punct de lucru Reghin,"Reghin, str. Republicii, nr. 14",Reghin
Punct de lucru Sighisoara,"sighisoara, str. Dumbravei, nr. 2 Sighisoara",Sighisoara
Punct de lucru Tarnaveni,"Tarnaveni, str. Republicii, nr. 30, et.III",Tarnaveni
Punct de lucru sovata,"sovata, str. Trandafirilor, nr. 25   ",sovata
AJOFM Neamt,Privighetorii nr.21 Neamt,Neamt
ALOFM Piatra Neamt,"Bulevardul Mihai Eminescu 39, Piatra Neamț Piatra Neamt",Piatra Neamt
ALOFM Tîrgu Neamt,"Str. Stefan cel Mare, 66, Târgu Neamt, Tîrgu Neamt",Tîrgu Neamt
ALOFM  Roman,Strada Olteniei 23 Roman,Roman
Punct de lucru Bicaz ,"Aleea Teilor 9, Bicaz ",Bicaz
Punct de lucru Poiana Teiului,"Poiana Teiului, (cu personal de la ALOFM Tg Neamt)",Poiana Teiului
AJOFM Olt,"slatina, str. Prelungirea Crisan, nr.2 Olt",Olt
Punct de lucru Bals,"Bals, str. Nicolae Balcescu, bl.152, sc.1, ap. 1-3",Bals
ALOFM Caracal,"Caracal, str.Toma Rusca, nr.3",Caracal
Punct de lucru Corabia,"Corabia, str. Tudor Vladimirescu, nr.5",Corabia
Punct de lucru Draganesti Olt,"Draganesti Olt, str. Nicolae Titulescu, bl.F, sc.A, ap.2",Draganesti Olt
AJOFM Prahova,"Ploiesti, str. N.Iorga, nr1 Prahova",Prahova
Punct de lucru Valenii de Munte,"Valenii de Munte, str. Berevoiesti, nr. 6B",Valenii de Munte
Punct de lucru Mizil,"Mizil, str. I.L.Caragiale, bl. 42, sc. A, ap. 3 parter",Mizil
Punct de lucru Urlati,"Urlati, str. Tudor Vladimirescu, nr. 10, bl. 15, sc. A, ap. 3",Urlati
ALOFM Campina,"Campina, str. Maramures, nr. 19",Campina
Punct de lucru Sinaia,"Sinaia, bdul. CarolI, nr. 47",Sinaia
AJOFM Satu Mare,"sTR.ION GHICA, NR.36 sATU MARE  Satu Mare",Satu Mare
Punct de lucru Carei,"str. 1 Decembrie 1918 nr.15, Carei",Carei
Punct de lucru Tasnad,"str. Lacrimioarelor nr.35, Tasnad",Tasnad
Punct de lucru Negresti Oas,str.1 Iunie nr.9 Negresti Oas,Negresti Oas
Punct de lucru Turt,str.Piata Eroilor nr.34 Turt,Turt
Punct de lucru Ardud,"str. Noua, nr.1 Ardud",Ardud
AJOFM Salaj,"str. T Vladimirescu, Nr.8, Bl. P40, parter Salaj",Salaj
Punct de lucru Simleu Silvaniei,"str. simion Barnutiu, nr.8 Simleu Silvaniei",Simleu Silvaniei
ALOFM Jibou,"str. Liceului, nr.4 Jibou",Jibou
Punct de lucru Cehu silvaniei,"Piata Trandafirilor, Nr. 19 Cehu silvaniei",Cehu silvaniei
AJOFM Sibiu,"sibiu, str.Morilor nr.51A Sibiu",Sibiu
Punct de lucru Medias," Medias, str.Comandor Dimitrie Moraru nr.3",Medias
Punct de lucru Agnita,"Agnita, str.spitalului nr.16A",Agnita
Punct de lucru Avrig,"Avrig, str.Gheorghe Lazar nr.8",Avrig
Punct de lucru Cisnadie,"Cisnadie, str.Tesatorior nr.1",Cisnadie
AJOFM Suceava ,"suceava, str. Tudor Vladimirescu, fn Suceava",Suceava
Punct de lucru Falticeni,"Falticeni, str. Matei Millo, nr. 4",Falticeni
Punct de lucru Radauti,"Radauti, str. stefan cel Mare, nr.2, etaj.1, ap.8",Radauti
Punct de lucru Gura Humorului,"Gura Humorului, str. Manastirea Humorului, nr. 5",Gura Humorului
Punct de lucru Campulung Moldovenesc,"Campulung Moldovenesc, str. sirenei, nr. 2, etaj.3",Campulung Moldovenesc
Punct de lucru Vatra Dornei,"Vatra Dornei, str. Podu Verde, nr.6",Vatra Dornei
AJOFM Teleorman,"Alexandria;str Dunarii,Nr 1 Teleorman",Teleorman
Punct de lucru Zimnicea,Zimnicea;str.Calugareni;nr1;bl10F;ap3,Zimnicea
ALOFM Rosiorii de Vede,Rosiori:str.Dunarii;bl.D 4;et.1;ap.1 Rosiorii de Vede,Rosiorii de Vede
Punct de lucru Videle,Videle;str.Giurgiului;nr.21,Videle
ALOFM Turnu Magurele,Turnu Magurele;str.Elena Cuza Voda;nr.12,Turnu Magurele
AJOFM Timis,"Bdul Republicii nr 21, Timisoara, jud.Timis",Timis
Punct de lucru Buzias,"str Principala nr 15, Buzias, jud.Timis",Buzias
Punct de lucru Lugoj,"str Timisorii 27-33, Lugoj, jud.Timis",Lugoj
Punct de lucru Faget,"str. Avram Iancu nr. 17, Faget, jud.Timis",Faget
Punct de lucru Sannicolau Mare,"str. Republicii nr.15, sannicolau Mare, jud.Timis Sannicolau Mare",Sannicolau Mare
Punct de lucru Jimbolia,"str. Lorena nr.1, Jimbolia, jud.Timis",Jimbolia
Punct de lucru Deta,"str. Victoriei nr.36, Deta, jud. Timis",Deta
AJOFM Tulcea,Tulcea str.Grigore Antipa nr. 10,Tulcea
punct de lucru Macin ,Macin str. 1 decembrie nr.58,Macin
punct de lucru Babadag,"Babadag str.Republicii  nr. 86,bl.64 parter",Babadag
AJOFM Valcea,"Rm. Valcea, str. Dacia nr.8, bl. Transcozia, sc. B",Valcea
ALOFM Rm. Valcea,"Rm. Valcea, str. Dacia nr.8, bl. Transcozia, sc. B, et. 3 ",Rm. Valcea
ALOFM Horezu,"Horezu, str. Unirii, nr. 3, et. 2",Horezu
Punct de lucru Berbesti,"Berbesti, str. Principala, hotel Royal Berbesti, ap. 3",Berbesti
Punct de lucru Lapusata,"Comuna Lapusata, Primaria comunei Lapusata",Lapusata
ALOFM Dragasani,"Dragasani, str. Decebal, bl. M3, sc. B, PARTER",Dragasani
Punct de Lucru Calimanesti,"Calimanesti, str. Calea lui Traian, nr. 540",Calimanesti
AJOFM Vaslui,"Vaslui,str. spiru Haret nr 5",Vaslui
ALOFM Vaslui,"Vaslui,str.spiru Haret nr 5",Vaslui
ALOFM Barlad,"Barlad, B-dul Epureanu, nr.8",Barlad
ALOFM Husi,"Husi, str.A.I.Cuza,bl.H5,sc.A,parter",Husi
Punctul de lucru Negresti,"Negresti, str.Pietei, nr.1",Negresti
AJOFM Vrancea,"Focsani, str. Bd Unirii, nr.53A Vrancea",Vrancea
ALOFM Focsani,"Focsani, str. Bd Brailei, nr.3BIs",Focsani
PTL Adjud,"Adjud, Aleea stadionului, nr.2",Adjud
PTL Panciu,"Panciu, Bd Independentei, nr.6",Panciu
PTL Vidra,"Vidra, str. Carol Intai nr.12 ",Vidra
PTL Maicanesti,"Maicanesti, caminul Cultural al Primariei Maicanesti",Maicanesti
PTL Maicanesti,"Marasesti, str. Republicii, Bl.6, parter Maicanesti",Maicanesti
AMOFM Bucuresti,spataru Preda nr 12 Bucuresti,Bucuresti
ALOFM sector 3,"str. Tabacarilor nr. 20, sector 4 sector 3",sector 3
ALOFM sector 5,"Bd Pieptanari nr. 64, sector 5",sector 5
ALOFM sector 6,"Bd Timisoara nr. 59, sector 6",sector 6
AJOFM Ilfov,"strada Ruginoasa nr. 4, sector 4, Bucuresti Ilfov",Ilfov
Punct de lucru Buftea,"str. Mihai Eminescu nr. 32, oras Buftea, judetul Ilfov",Buftea
Punct de lucru Clinceni,"str. Principala, nr. 118, comuna Clinceni, judetul Ilfov",Clinceni
Punct de lucru Jilava,"str. Ungureni, nr. 12, comuna Jilava, judetul Ilfov",Jilava
Punct de lucru Pantelimon,"str. Tudor Vladimirescu nr. 20, oras Pantelimon, judetul Ilfov",Pantelimon
Punct de lucru saftica,"str. Calea Bucuresti nr. 89, comuna Balotesti, sat saftica, judetul Ilfov",saftica
Punct de lucru Voluntari,"str. Bucegi nr. 59, oras Voluntari, judetul Ilfov",Voluntari
