iso3,address,lon,lat
FRA,920120208,2.2274302460397153,48.83300407002811
FRA,920240404,2.3190410765399796,48.9015409909739
FRA,920250109,2.252168189614243,48.91672522932719
FRA,920260602,2.255217581074997,48.89861269158101
FRA,920360404,2.3140683222066403,48.92377905569038
FRA,920400103,2.2746583201367083,48.82750780203932
FRA,920440106,2.2836059778689015,48.89357301855439
FRA,920490114,2.3010145674929623,48.812036846620906
FRA,920500408,2.1992230297353403,48.88778533793197
FRA,920620306,2.2345761051390753,48.87772169991063
FRA,920630706,2.1995614502481695,48.876017043395535
FRA,930010502,2.3918937184360263,48.910284635422755
FRA,930050101,2.487969618585445,48.94940985542783
FRA,930070114,2.4716384992892197,48.943919830925246
FRA,930080118,2.4403126331645204,48.905717922771814
FRA,930100303,2.4806736090812165,48.8945807937096
FRA,930140103,2.5512072407660016,48.90483904554607
FRA,930270101,2.4153290004438746,48.92576531828569
FRA,930290603,2.4535549627656086,48.92092249220281
FRA,930310103,2.309523908487078,48.95619202678194
FRA,930460111,2.547670105235542,48.92766214032127
FRA,930480206,2.436528491873862,48.857208115566515
FRA,930500102,2.5185801917559507,48.85510171098638
FRA,930510502,2.572015809509065,48.842509759109035
FRA,930530115,2.4478115006892094,48.89156226741918
FRA,930550403,2.4227354179199643,48.89397872889123
FRA,254620103,6.34046033350522,46.90899778576187
FRA,390970104,5.910589764879953,46.75129067251642
FRA,391980108,5.470101366380421,47.08439293511053
FRA,393000103,5.561200261246318,46.670653564697616
FRA,394780106,5.821664595418713,46.37995984376564
FRA,580620000,3.9344276785736128,47.06273605975378
FRA,610010302,0.090280077769145,48.414777537511675
FRA,610060103,-0.01540905893897304,48.72713937831276
FRA,611680102,-0.360704903830943,48.591293299573
FRA,611690101,-0.5633480799728429,48.75248129397648
FRA,612140102,0.63343064787597,48.76210195433096
FRA,612930000,0.552031199389557,48.51937482652843
FRA,930640114,2.4751590086253685,48.87550758610909
FRA,930661001,2.3542960319703474,48.94429176724084
FRA,930700112,2.3292273784097848,48.90373758507721
FRA,930710108,2.528129623018471,48.94622903649965
FRA,930720112,2.394530979074851,48.95012345540948
FRA,930730402,2.570157546569821,48.949927662033375
FRA,940020107,2.421871024785244,48.806615295679244
FRA,940160104,2.3369997572848153,48.793304772880894
FRA,940171001,2.5195863121215227,48.81128272521653
FRA,940190108,2.553908033220488,48.79638199078898
FRA,940220108,2.405849713743546,48.76480290833845
FRA,940280405,2.4724015120039815,48.7636537812421
FRA,940330109,2.4905069017055896,48.85330514188741
FRA,940380108,2.3416604570783135,48.78331951079067
FRA,940410206,2.3755153118780608,48.807543502999124
FRA,940460301,2.4391181962655164,48.8102864466741
FRA,940520103,2.4929855456319876,48.838829513158124
FRA,940680101,2.4850837174414284,48.801112537798744
FRA,940710111,2.5038634395592263,48.773046049818284
FRA,940760118,2.3668090679929223,48.78288097471008
FRA,940780103,2.44778299390536,48.72924136918865
FRA,940800101,2.4372976944593026,48.84628268242161
FRA,940810203,2.394707969518869,48.78090997770408
FRA,950180101,2.253728090571004,48.95185638127416
FRA,950630101,2.229695755796774,48.9283935719659
FRA,580860103,2.9254842600988873,47.39695023197022
FRA,580950102,3.4831617357020024,46.827350716043405
FRA,581940117,3.1450664824563104,46.99209728633141
FRA,700260000,5.587822370915279,47.45311234960036
FRA,591220107,3.243617126028382,50.17438692753671
FRA,591360103,3.548114669562498,50.10329610746894
FRA,591390106,3.403154931956129,50.11528621812954
FRA,591630102,3.1401065183453465,50.67884418489192
FRA,591720105,3.3920651805554227,50.32560021081464
FRA,591780102,3.094145431156425,50.37692497663005
FRA,591831001,2.3692329925161917,51.02766398625369
FRA,592490102,4.049255880913472,50.01602826028576
FRA,592710601,2.304766925953772,51.01417906785725
FRA,592730103,2.1290195930280866,50.98829037444047
FRA,592790303,3.1244912899513695,50.77112419952878
FRA,592860202,2.9860636941820538,50.610273927739854
FRA,592950110,2.5485727601235593,50.722940807365674
FRA,592990303,3.1978402456359123,50.66556542849016
FRA,593500112,3.0598846899967715,50.63317763238281
FRA,593500308,3.032770752608707,50.627513919763544
FRA,593501007,3.0941511093107548,50.62967165297192
FRA,593500703,3.039119615342725,50.61359586118008
FRA,593680402,3.072158205654157,50.64455066495637
FRA,593920303,3.9702317773983347,50.273293321248396
FRA,762170106,1.0837914368255088,49.92216324424615
FRA,762310105,1.0046473435754983,49.28522151598632
FRA,762590102,0.38198991193353593,49.76179349169043
FRA,762760000,1.5378706016793164,49.619474491074
FRA,763220101,1.0535980639648244,49.41287936804699
FRA,763410102,0.19666569360807257,49.50297579813802
FRA,763510902,0.13859034474983298,49.48861764427703
FRA,763511302,0.11665347592307854,49.519822999162486
FRA,763510402,0.1168276105662467,49.49428878073065
FRA,763840103,0.5322707745482484,49.52236863177239
FRA,764100106,1.0458370513902988,49.481959748739584
FRA,765400401,1.0665414633262382,49.44572104664112
FRA,765400603,1.1296867848848127,49.43717874002228
FRA,765750102,1.0726602949995019,49.39819415378245
FRA,767110102,1.3856680968482227,50.058469063983814
FRA,767580103,0.7748482014944362,49.61611665822943
FRA,021680101,3.412085800183848,49.041059191002795
FRA,021730301,3.214260268982386,49.628803535050366
FRA,023610000,3.6443969721532015,49.906208537852486
FRA,024080901,3.6036258586407293,49.558564699801394
FRA,026910304,3.297371957904909,49.83873865250184
FRA,026910104,3.2829518820906824,49.8446694146692
FRA,027220701,3.3394813349116954,49.39250663988486
FRA,027890000,3.9171875735973924,49.839820736706386
FRA,590090603,3.1366757971553874,50.61651348826325
FRA,590140106,3.5024314886461605,50.36956073648082
FRA,590170103,2.8636468457795834,50.690864548547296
FRA,590330104,3.845165320930122,50.19888696826666
FRA,590350000,3.9234403375058844,50.116206153008335
FRA,590430101,2.7244533449028934,50.738751678167866
FRA,593920402,3.9500535169162254,50.27485110588448
FRA,594810000,3.6320187091247513,50.26349592769823
FRA,595121203,3.1935031787855808,50.68454589620598
FRA,595120502,3.1631581438887095,50.68935180215653
FRA,595260103,3.422489502214742,50.44429574799022
FRA,595600201,3.046414333960676,50.54648763338006
FRA,595690104,3.1076361733445497,50.35960012128657
FRA,595740102,3.2778698368367647,50.36330221221558
FRA,595990503,3.1705087397447214,50.71752420342178
FRA,596060605,3.5304265423552073,50.36863364804718
FRA,596500501,3.2318172648168773,50.69103904563685
FRA,600570601,2.1114983783221417,49.41084399398179
FRA,600570402,2.1055038403737023,49.43941946521654
FRA,601591701,2.7852148650288737,49.39481228544085
FRA,601760401,2.9151898132182987,49.2247830619115
FRA,602340000,2.4203074640430233,49.39760898705283
FRA,603820201,2.823897582114671,49.423904797159175
FRA,603950501,2.125559419225479,49.23210675738406
FRA,604140401,2.4334988616353814,49.25108119271794
FRA,604630501,2.4814293905408062,49.270287661611064
FRA,604710101,2.998731244260192,49.58023942701979
FRA,605890000,2.4674626690680603,49.24196215926207
FRA,620410201,2.7341160000305837,50.301897881211595
FRA,620800000,2.851434987736372,50.10547317655891
FRA,621080102,1.580147119446481,50.40179801943713
FRA,621190104,2.6247729829079303,50.5237575523155
FRA,621600902,1.610820364422016,50.71890660458434
FRA,621780105,2.5545250418558205,50.47597497102054
FRA,621931201,1.8938305831916078,50.94628147688004
FRA,621930201,1.863063757789129,50.955268152339364
FRA,622150104,2.964147648612114,50.49440252767928
FRA,624270107,2.947737824036798,50.41627939037251
FRA,624980301,2.836984803747471,50.43750617819022
FRA,624980305,2.824179649428528,50.42863113519458
FRA,625100105,2.7810915755278196,50.42292523671497
FRA,625160101,2.477959537521709,50.563113673822095
FRA,625250102,2.269365339960733,50.74125734858431
FRA,103230202,3.720082130890953,48.50502870638717
FRA,103870701,4.090943309619134,48.29009842057268
FRA,103871001,4.083694785131023,48.27159615792007
FRA,103871102,4.076569302048886,48.295768361129504
FRA,510580000,4.0033217954350295,49.2230497913724
FRA,511080203,4.363691430765275,48.964872004181046
FRA,512300101,3.961906865616767,49.05020135964175
FRA,514542801,4.053663705748814,49.25093593660813
FRA,625500000,2.026527282546924,50.36806627332691
FRA,626170101,2.6763770841240304,50.463965859617765
FRA,627580103,1.6420158852504882,50.72698688918939
FRA,627670102,2.33384797098269,50.377107625958594
FRA,800010501,1.865927905989774,50.100502951434706
FRA,800160201,2.667847049859969,50.00860601996216
FRA,800210801,2.3125666453182077,49.87765243160536
FRA,800211201,2.2970867251621327,49.886954265472525
FRA,800211401,2.31028371980668,49.89117317115618
FRA,802530201,2.3471464063634215,50.159280783440906
FRA,803680000,1.5437531204458144,50.081536336687776
FRA,804100101,3.0766247058370912,49.7600660219063
FRA,805610000,2.588168736305612,49.64634932788675
FRA,806200101,2.9402526733244345,49.93217865912559
FRA,081050401,4.714014501904554,49.77319932819725
FRA,081050902,4.72950644834208,49.74218968109945
FRA,083630103,4.641835211393721,49.93754954970513
FRA,084090303,4.941443370168245,49.696161127009326
FRA,100330103,4.706948985773883,48.23794039361075
FRA,514541001,4.019579381698511,49.26122647859751
FRA,514543902,4.024386451509449,49.284713581989266
FRA,515350101,3.7284260957915025,48.71807002435792
FRA,516490303,4.588826181776338,48.722612874343056
FRA,521210204,5.143652893652849,48.097613302750915
FRA,522690202,5.326991400075889,47.84884186640989
FRA,524480202,4.95257240764499,48.63236916426218
FRA,540990000,5.939287297883415,49.2441173545624
FRA,543210000,5.791852588899852,49.532088817218856
FRA,543951001,6.201013445108466,48.69804503452808
FRA,543950905,6.179010994677514,48.68700704430245
FRA,543950404,6.16455096363434,48.68725598948115
FRA,543950101,6.144742219272701,48.703432702964854
FRA,544310101,6.070126178998996,48.921974823768615
FRA,545280103,5.891174606951572,48.68108113880975
FRA,545470111,6.184073996177132,48.663295615136526
FRA,550290103,5.17650494012315,48.765553103347315
FRA,551220000,5.587293731165078,48.761478142222664
FRA,555450106,5.405457503322598,49.14894817893347
FRA,571600106,6.695633131110421,49.20456080938893
FRA,572270103,6.887458792843036,49.180588577821275
FRA,572270109,6.9039896338283935,49.1867063362555
FRA,572830101,6.165754606815858,49.2434309578065
FRA,573060105,6.0610514575239645,49.332142341861775
FRA,574410000,6.170576184516939,49.37613442425683
FRA,574630303,6.181561957436238,49.12576517459449
FRA,574631007,6.230240422940995,49.109694490733034
FRA,574630701,6.173052602268849,49.110746875256744
FRA,574800102,6.139603723083859,49.09607704158248
FRA,576060103,6.708984711356873,49.10315868730229
FRA,561210303,-3.3890489959672774,47.75556106879527
FRA,576300105,7.0425151850779955,48.720860991272964
FRA,576310104,7.0711222819843345,49.105548955470624
FRA,576720115,6.159574429474421,49.35277735668072
FRA,671800201,7.7897813073469875,48.81047077382335
FRA,672670201,7.693816122579772,48.55705418638053
FRA,673000103,7.511500051198155,48.53307882130015
FRA,674370101,7.369261724717847,48.7443563754542
FRA,674470502,7.717759501718901,48.61199455884595
FRA,674620107,7.443902654788308,48.26286608866032
FRA,674822305,7.7686415465594285,48.57226125794658
FRA,674820202,7.739178055514762,48.58179853149175
FRA,674821705,7.712247384808768,48.592780202707885
FRA,674822501,7.745519717761143,48.560202264884836
FRA,674820302,7.735024240389887,48.57727951179252
FRA,675440202,7.9626572226414245,49.028834332774444
FRA,680040101,7.227282170234761,47.625269165658516
FRA,680660803,7.3259492567365925,48.07701719667111
FRA,680660502,7.354443104729135,48.086069491600924
FRA,561210901,-3.3791211673203367,47.73261028877394
FRA,561580000,-2.8034334972742734,47.67777338071009
FRA,561650102,-2.3902696041584366,47.92072137980005
FRA,561780105,-2.9684707578626406,48.08155403924099
FRA,562430102,-2.7360390274281405,47.6534718844175
FRA,160150101,0.16098143822380231,45.64914662211903
FRA,160280101,-0.15799174700170066,45.47362106110594
FRA,161020203,-0.32342537910061236,45.689488703301286
FRA,161060000,0.6540840571335953,46.02236770248539
FRA,161130101,0.10048939606222405,45.61549275966544
FRA,681120105,7.205002927164642,47.91479198604415
FRA,682241501,7.325353373134269,47.76548182645677
FRA,682241801,7.302290109084676,47.74989635120471
FRA,682240603,7.3450708776995866,47.745882734470754
FRA,682240501,7.358261095373363,47.76209949193242
FRA,682970108,7.553075305183586,47.597514133953894
FRA,683340102,7.0909692990716255,47.814436518264
FRA,881600101,6.462523082153553,48.20192150823591
FRA,881600111,6.441258799107617,48.17984554197119
FRA,881960101,6.874050914574254,48.06789939312079
FRA,162920000,0.20412201794301646,46.0316978729969
FRA,171970000,-0.44843297842423463,45.45123793860639
FRA,172000102,-1.1445151087299403,46.190524948728736
FRA,172990401,-0.9512711635683567,45.92784075204463
FRA,173000902,-1.1153394158107104,46.15106014246542
FRA,173000602,-1.1687630051715017,46.1686515120455
FRA,173060105,-1.0204758043872648,45.63238248619031
FRA,883210101,5.691409949079143,48.35459887356955
FRA,883830101,6.600602439760316,48.01495101902946
FRA,884130101,6.940842762511843,48.28870007439482
FRA,440030101,-1.1802121693508794,47.37640147892357
FRA,440150000,-1.7606628022239295,47.473656014056075
FRA,440360101,-1.3724401350268878,47.71196253546954
FRA,440430101,-1.284144585185146,47.09644888268177
FRA,440550104,-2.394605292684688,47.29136634352682
FRA,440870102,-1.8124770851998742,46.986577387039034
FRA,173470102,-0.5420325382646437,45.96102201000617
FRA,173600000,-1.3192114738176839,46.156470234674934
FRA,173850102,-1.3222825346114306,45.91723816793806
FRA,174150102,-0.620329497421522,45.7327607534808
FRA,190310501,1.480129485099982,45.15529139600687
FRA,192720101,1.7501351527481754,45.26080204808818
FRA,192750201,2.300716770605374,45.5420008877338
FRA,441091012,-1.4945944514870453,47.248351087629125
FRA,441090703,-1.578434636111023,47.234054008108124
FRA,441090805,-1.56822825719284,47.26343077372341
FRA,441091007,-1.5215559680830635,47.24820002199613
FRA,441090207,-1.5902526698118629,47.19831917450546
FRA,441090506,-1.5248058873692967,47.21571833970235
FRA,441310104,-2.1140405135588813,47.12180555834623
FRA,441430101,-1.5560248413933893,47.1927817389233
FRA,441620502,-1.6127474494389056,47.21048294057814
FRA,441840121,-2.265133791058809,47.25355541319687
FRA,441900109,-1.4847306577296382,47.18883922749945
FRA,442100102,-2.2068626943416,47.2964155766002
FRA,490070804,-0.5261819547405309,47.4850741538834
FRA,490070501,-0.5812797840849266,47.472155435072736
FRA,490070707,-0.5645348203928872,47.49084062098577
FRA,490071107,-0.5628801458046397,47.44471354011054
FRA,490210101,-0.21415671510916123,47.437531160215435
FRA,490230102,-0.9972786650765467,47.208002054337776
FRA,230080102,2.1659554975515536,45.95549108781502
FRA,230960101,1.880871854137806,46.17263142152003
FRA,231760101,1.48906376977375,46.23777338400244
FRA,240370102,0.47805121387502764,44.844091191669975
FRA,243110000,0.6606584849740168,45.52630903809824
FRA,243220102,0.7377377222208088,45.18346086002742
FRA,243220106,0.7189271981346258,45.18027253016754
FRA,243720101,0.527607225282208,45.149541529661576
FRA,490990702,-0.8696022081288302,47.04843605958205
FRA,493280105,-0.07666595732159,47.244253634761805
FRA,493310105,-0.8674736486906343,47.6933506133566
FRA,530620105,-0.7214647015597773,47.818969447637436
FRA,531300112,-0.785449081139844,48.07726376887469
FRA,531300119,-0.7421129134916936,48.054122498354985
FRA,531470102,-0.608961917461872,48.30023708069443
FRA,720710102,0.42722166942570095,47.68415637622637
FRA,245200103,1.2049582075013887,44.90944767484024
FRA,245470101,1.2980548508120862,45.135207823830186
FRA,330050102,-1.100887404419379,44.744379543236285
FRA,330390106,-0.551115506488912,44.81270790052873
FRA,330580000,-0.6538552486470177,45.12738099543716
FRA,330630103,-0.5751107866879505,44.86647306554213
FRA,330631301,-0.5541787036811343,44.827124437273795
FRA,330630803,-0.6216402434668934,44.849370436261076
FRA,330631002,-0.5883142981210379,44.83832710193948
FRA,331190108,-0.5309495037055053,44.85677621642339
FRA,721320103,0.6541250519901742,48.178577298142635
FRA,721540107,-0.09667686823343567,47.70620660813574
FRA,721800102,0.37097621409047904,48.3469565986042
FRA,721811601,0.151392404900999,48.01507636563761
FRA,721811802,0.23338207253222212,47.996294121575595
FRA,721811002,0.1869427277754315,47.99417374924286
FRA,722640107,-0.31153517619806137,47.83957435522671
FRA,850470104,-1.8832661219592597,46.835512743277214
FRA,850920104,-0.7925554886648983,46.464730818920316
FRA,851090104,-1.0126863134751527,46.88034962103745
FRA,851280101,-1.1876432059086253,46.458725047913774
FRA,851460202,-1.3377195170227905,46.976776105354645
FRA,851910305,-1.42718950459431,46.6872163045027
FRA,851910702,-1.4412161928818905,46.654662484365666
FRA,851940201,-1.7619768314660518,46.51572290100399
FRA,852220103,-1.9135334302928069,46.69523492931044
FRA,332400000,-0.9438683434295716,45.305071959858125
FRA,332430108,-0.222615319173055,44.91806017747191
FRA,332490102,-0.5239653480181107,44.88152931554085
FRA,332810402,-0.6745292758505953,44.834188779933605
FRA,333180120,-0.6549764857678749,44.78189967424775
FRA,334370000,-0.06404996694292744,44.85119479209315
FRA,334490106,-0.7154058263134281,44.89282049489798
FRA,335290105,-1.1389394945161004,44.61727305353229
FRA,335500101,-0.5716697885502662,44.79588441382176
FRA,400880101,-1.0558799904977816,43.71824695510295
FRA,401920106,-0.49386338634268745,43.89797457745149
FRA,402170000,-1.0716311600646846,44.35090505197415
FRA,402790103,-1.077681662131073,43.728370724567654
FRA,220500104,-2.0578917015915046,48.455825728529476
FRA,220700102,-3.1637153027246265,48.5597981820762
FRA,220930104,-2.5059915943426407,48.464894717174694
FRA,221130107,-3.4705412212066644,48.744747168969425
FRA,221360104,-2.75354183439584,48.18135544608313
FRA,222780101,-2.7990469107537415,48.51842839275415
FRA,222780116,-2.747629856124566,48.49827712506442
FRA,290190113,-4.525369693964924,48.389742712851124
FRA,290190155,-4.470149418575126,48.41019934829966
FRA,290190121,-4.47809021622538,48.38533154416069
FRA,290240102,-3.562323201891353,48.27723569821374
FRA,290390107,-3.9060764688158107,47.90238230686681
FRA,290420101,-4.493479939972047,48.24520861095876
FRA,290460106,-4.344435818306039,48.0861464644027
FRA,291030106,-4.257622157515192,48.450823230628664
FRA,291510107,-3.809053080204044,48.58962869532008
FRA,402840101,-1.3027773162879397,43.658123722756294
FRA,470010107,0.6148742548807313,44.19313013060976
FRA,471570106,0.15395673001100385,44.50725522166046
FRA,473230301,0.7021535162352097,44.401636584573396
FRA,641020702,-1.4842637028883197,43.4962340992029
FRA,643480101,-0.4093084472467426,43.301629987676705
FRA,644220105,-0.6092613302717962,43.19495577588054
FRA,292200102,-4.223634630687534,47.862348818163085
FRA,292320117,-4.096629570997788,47.97764714878714
FRA,292320106,-4.095153974455905,48.015795087814695
FRA,292330102,-3.5805463891716682,47.86676524112932
FRA,350850000,-1.7536057465381623,48.4190190710536
FRA,351150102,-1.1909310711442442,48.34866529239897
FRA,352360102,-2.0936636626629808,47.65281414222076
FRA,352381106,-1.6615418425584467,48.08856949085333
FRA,352380901,-1.6892074927642697,48.10586519099698
FRA,352380704,-1.62935176405935,48.09674063999024
FRA,352380505,-1.6772675230090999,48.129909359098725
FRA,352880105,-1.9896311744669108,48.64995111293221
FRA,353600106,-1.2065523757989405,48.120167536533
FRA,560070102,-2.993892084345924,47.67080061738358
FRA,560980104,-3.349258858158764,47.76253465896272
FRA,644450307,-0.32710511107033163,43.319879547564454
FRA,644450106,-0.359573360677794,43.31040081210877
FRA,791740000,-0.1325870418169758,46.22527027102582
FRA,790810102,-0.37529000340730734,46.346223253873795
FRA,791910504,-0.47837256174210097,46.30465306252
FRA,792020105,-0.23919812625504666,46.64817963853812
FRA,793290101,-0.20986294078235032,46.98004939012056
FRA,860620102,0.35976762236211657,46.667983646341376
FRA,860660303,0.5321046211099043,46.83911171704837
FRA,860780000,0.28729805674219244,46.14845590589615
FRA,861370104,0.08255597509913089,47.020940425330345
FRA,951270109,2.077027694816962,49.040326966110726
FRA,951990101,2.3432393047199396,49.02934541994672
FRA,952190301,2.2648574514383717,48.98203643454623
FRA,952680115,2.4157356183333687,48.97393519214955
FRA,952770501,2.455846689723554,48.982356246590236
FRA,953060104,2.181073532101965,49.00012492732256
FRA,954280101,2.313849106856598,48.97430467570883
FRA,954870104,2.279531764739701,49.14993865153952
FRA,955550105,2.2875236294227035,48.96342116256294
FRA,955720103,2.1164662901447038,49.038853086271146
FRA,955850108,2.378878871696261,48.97930654930153
FRA,956070112,2.224660220105446,49.018920382953596
FRA,180150000,2.4333670967156715,47.4865402259782
FRA,180331501,2.394719560118473,47.10627108968817
FRA,180330701,2.4025615519592174,47.073612049715564
FRA,703100102,6.502180580698365,47.69199313144019
FRA,703110104,6.358295156078921,47.80976929404974
FRA,705500103,6.141669987074473,47.63033898859207
FRA,710760119,4.844767182823002,46.780166373813266
FRA,710760109,4.862047044409235,46.80020100864786
FRA,711530108,4.444625786983127,46.79361996826785
FRA,711760104,4.002766003767718,46.478202431775706
FRA,712630101,5.225701488435133,46.6268893225981
FRA,712709803,4.837675126469674,46.31067929574947
FRA,713060110,4.359162790793761,46.674364889643144
FRA,715430102,4.913282347306521,46.556800857062115
FRA,181970104,2.5311396619291564,46.72283085835586
FRA,182790101,2.0597497906116167,47.22518807588631
FRA,280850601,1.4798228310152088,48.446358344819465
FRA,280880201,1.3477994700883464,48.078127246877244
FRA,281340303,1.3703832022274258,48.731344107631884
FRA,282800105,0.8043752039858589,48.32346701204312
FRA,284040103,1.341461399508079,48.72981567919982
FRA,360440103,1.684397827803955,46.81110755961537
FRA,890240118,3.575727771644628,47.81366555040202
FRA,890250102,3.9165217669128642,47.49138705774191
FRA,892060102,3.385904640374132,47.97454256561816
FRA,893870107,3.3082101777070694,48.20379690516667
FRA,894180101,3.9751911928611223,47.85838026618391
FRA,900100501,6.855624611175653,47.634264704239456
FRA,900330103,7.001156420087284,47.512688734056496
FRA,140470103,-0.6949521736311912,49.270184081269285
FRA,141180803,-0.3990880229870571,49.185617613254564
FRA,141181902,-0.35562497522670583,49.16237137368874
FRA,142580101,-0.18794066854432406,48.896197557182695
FRA,143270401,-0.3362882940686862,49.20306945520336
FRA,751020702,2.3427169674336237,48.867954086671844
FRA,751083207,2.326663764824268,48.88242901030506
FRA,751104006,2.37152050986474,48.876074583488915
FRA,751114208,2.369448719515433,48.860097611005024
FRA,751124803,2.3691221464904264,48.845688980567864
FRA,751135117,2.344434648444539,48.828013807486805
FRA,751145506,2.324701299089837,48.82619725939898
FRA,751155722,2.3056899236914217,48.83555316163802
FRA,751176806,2.316670564496622,48.89204989711561
FRA,751187110,2.3525201109500147,48.9004920791988
FRA,751187205,2.3596234866058965,48.894199256983036
FRA,751197303,2.3780888258710693,48.88500748109554
FRA,751197614,2.3774184597012056,48.883226928068595
FRA,751207710,2.38371002021524,48.87290827127548
FRA,751208019,2.4064125796701936,48.858945295402876
FRA,770140101,2.7295150077078256,48.418570657458034
FRA,770530102,2.6107244480261245,48.685544304974805
FRA,771080502,2.589477298292499,48.87317387405044
FRA,771110000,2.7739672952037253,48.85667180170968
FRA,771310301,3.100345198697784,48.805651306183506
FRA,360880103,2.005180710949277,46.948753276114594
FRA,370200000,1.0111304576111257,47.12814670682355
FRA,370720000,0.2528642475085137,47.16418954495748
FRA,371220802,0.661599769202785,47.34846166582647
FRA,371630000,0.9765273157770007,47.41829681330991
FRA,372140106,0.6611193816246217,47.42358315836916
FRA,372330101,0.7099180538323376,47.38607885454602
FRA,372612201,0.6809321517144147,47.36442156512336
FRA,372611402,0.7059265294877546,47.42059402757216
FRA,410180801,1.3291784327656722,47.60197833549226
FRA,410180503,1.323985667134862,47.58411282177738
FRA,143330106,0.24118270292556768,49.41783898965617
FRA,143660304,0.26005831250821826,49.1430459469137
FRA,144370103,-0.3280817137631293,49.17241027209744
FRA,147620103,-0.8776634157070247,48.84626994396062
FRA,270560101,0.587774260824974,49.0886940992873
FRA,272290601,1.1589413093190801,49.00563542513137
FRA,272290303,1.1655971752219685,49.02428678360499
FRA,272840101,1.763414561226238,49.28281485974964
FRA,771520202,2.6330221782343846,48.520872958930546
FRA,771830101,3.1236857356519816,48.95018974505666
FRA,772430101,2.6919046345268565,48.87672775387039
FRA,772840902,2.882094549935069,48.96031409418185
FRA,772940103,2.6419961119058404,48.974487866004914
FRA,773330104,2.700239998334449,48.2637329853128
FRA,773730401,2.627161964394414,48.79892627818761
FRA,773790103,3.3058890027553454,48.56018441860656
FRA,774450301,2.5806854481562556,48.594854956393064
FRA,774680205,2.65369757282808,48.84075633273699
FRA,782970106,2.054602881357649,48.785641532948794
FRA,783610120,1.7139327865859972,48.985172144548685
FRA,784400106,1.910559249427941,48.98259421328009
FRA,784900110,1.9629588982276642,48.83064611640421
FRA,411940104,1.751284628329778,47.35670543341442
FRA,412690105,1.060614545628328,47.79917951328274
FRA,451550201,2.6134244816927974,47.695805433817824
FRA,451690101,1.852653080801977,47.90400345039081
FRA,452080106,2.745733170218012,47.99271389466169
FRA,452341901,1.9325604855247747,47.837400658492484
FRA,452341103,1.9017568299374925,47.91582572016613
FRA,452341401,1.900246530182738,47.89303147745755
FRA,452520105,2.2525714810430686,48.18687284771896
FRA,452840102,1.9735154206937544,47.91051501402324
FRA,210540103,4.844507337234684,47.009232984379715
FRA,211540103,4.56369646141952,47.87579898943149
FRA,273750101,1.167617090703844,49.21475616021224
FRA,274670102,0.5143958945225695,49.35254014941644
FRA,276790103,0.9211147590882035,48.734641947403304
FRA,276810108,1.4737962207958089,49.095980055366674
FRA,500250103,-1.3453440339693366,48.680230878670045
FRA,500990101,-1.2503393234248734,49.304832979717844
FRA,501291301,-1.5748676832209079,49.63610575956487
FRA,501290504,-1.6332402457873436,49.62510257484734
FRA,501290401,-1.612146952951713,49.640750613008535
FRA,501470103,-1.446314716266171,49.0414460826336
FRA,502180204,-1.5649317696748573,48.83430571690078
FRA,505020202,-1.0792751673278196,49.104331266000464
FRA,784980101,2.041498886220237,48.93278073204901
FRA,785170104,1.839684219496204,48.65253452153477
FRA,785510103,2.065927945750592,48.9003935199736
FRA,785860102,2.159917259655411,48.937385982732444
FRA,786210112,2.00936228614628,48.769441195813684
FRA,786460302,2.137569403647557,48.79780852544261
FRA,910210103,2.240317005994141,48.5851866638747
FRA,911030102,2.298105295745724,48.6042472879675
FRA,911140103,2.506904927380821,48.70183930013296
FRA,911740502,2.48489302278766,48.611937898265055
FRA,912000104,2.0112876867848746,48.533799128657904
FRA,912230105,2.1490412019974836,48.42882606725191
FRA,912280105,2.4312705846861182,48.62699763150852
FRA,913260202,2.3709973815590173,48.695909575889935
FRA,913450101,2.287382605098288,48.69513826928395
FRA,914770103,2.2485433913962143,48.717307299890834
FRA,915490108,2.332817811108299,48.638244943342066
FRA,915890113,2.333756958381519,48.69191552420651
FRA,916870102,2.388343819753904,48.67685630318838
FRA,916920102,2.1706712503404333,48.686765622154816
FRA,920020107,2.3060170053243354,48.75558199373284
FRA,920040501,2.2952679746215083,48.91736043805694
FRA,920070111,2.3184856323960608,48.79318129124356
FRA,212310901,5.025478968793327,47.305336205812914
FRA,212319901,5.010827330954447,47.319862796132995
FRA,212319801,5.050976649461555,47.36540505058824
FRA,214250103,4.339099820644457,47.62245589867037
FRA,215150199,5.098292556153755,47.31370809933114
FRA,250310101,6.8404485558786945,47.484086107865956
FRA,250560805,5.998966604305042,47.2512322320405
FRA,250561004,6.049658446962919,47.26546608473651
FRA,250561207,5.9694332379729556,47.217599967251616
FRA,253880102,6.797665985672835,47.514786197542946
FRA,253880111,6.802968563859459,47.49952570201468
FRA,254110101,6.610692285665566,47.05695194874005
FRA,010340103,5.691640371546188,45.755792460955284
FRA,010530701,5.247813072291017,46.218345969506345
FRA,012440102,5.195518540808795,45.90044764556732
FRA,012490101,4.968205892998143,45.82597879234206
FRA,012830201,5.6517343686936234,46.25397211362718
FRA,014190000,6.012729465240554,46.23762749590056
FRA,014270101,4.754924491841313,45.942343109821756
FRA,031850101,2.6083783461446672,46.3451553734492
FRA,031850107,2.590048917298956,46.36833254099106
FRA,031900102,3.3263844056605834,46.56693943587344
FRA,032980000,3.399355366836338,46.31448383673458
FRA,033100103,3.435473789317097,46.128192890042236
FRA,070100103,4.674007450969726,45.24435387607355
FRA,070190103,4.411102009144809,44.618742035406804
FRA,071860101,4.610733652880318,44.72111615199955
FRA,073240102,4.831897350583347,45.05370158457227
FRA,150140105,2.4341046539719478,44.914591367371855
FRA,151200000,2.3424105521957883,45.21942799141398
FRA,151870102,3.0815676777392573,45.03713863440272
FRA,261080103,5.011166495112234,44.73518835062514
FRA,261980404,4.75459396923852,44.568207433177975
FRA,262200103,5.119309932978849,44.35058056909198
FRA,262350103,4.706234484735044,44.369927348050844
FRA,262810401,5.082745956385996,45.04727331131739
FRA,263620601,4.921059322752011,44.925040103940866
FRA,263620503,4.885514053862382,44.915538185354876
FRA,380530102,5.2598277939425895,45.58979968646766
FRA,381300000,5.2542068093121985,45.394463452303
FRA,381510402,5.7199659457082745,45.14891267820656
FRA,381690102,5.695521982638281,45.19151402659016
FRA,381850603,5.72889854083509,45.1664567965289
FRA,381850103,5.711934107342961,45.19169464642955
FRA,383140101,6.020787300536293,45.431637677979865
FRA,383170105,5.697136956276564,45.12218221092827
FRA,383440101,4.8032152108009,45.36275898343698
FRA,384160103,5.313701559737399,45.14617265992312
FRA,384210102,5.75440226891414,45.18545867324526
FRA,385070000,5.190113631390417,45.75368516690836
FRA,385090102,5.442001940313641,45.56515459395878
FRA,385440102,4.865676978003543,45.51359251388408
FRA,385530103,5.155221905894278,45.6134419535891
FRA,385630106,5.594905348162375,45.36079405628053
FRA,420050104,4.279992974848978,45.52931553563934
FRA,421470201,4.095351415539205,45.60006974615673
FRA,421860102,4.602397492164534,45.52422843913911
FRA,421870101,4.072086138112677,46.04057721508865
FRA,422070105,4.51177793604188,45.473348184358485
FRA,422180805,4.37796014451527,45.46364835006376
FRA,422180603,4.379155981854054,45.437388515807676
FRA,422181102,4.399503868408256,45.43983589950269
FRA,422182204,4.388545658585551,45.41793503406672
FRA,430400101,3.390218351257372,45.29516230675242
FRA,431370102,4.175959637911058,45.283106948398554
FRA,431570108,3.890432919278703,45.045105361691704
FRA,432680101,4.135763354153344,45.15296895601018
FRA,630030102,3.7339179654124206,45.55030568787242
FRA,630750105,3.0591193009200297,45.76915356576876
FRA,631131803,3.074122110601969,45.78337037275547
FRA,631130701,3.1163462921313427,45.79684966874441
FRA,631240106,3.209571106457644,45.74114599621843
FRA,631780101,3.242692304005505,45.54380604433693
FRA,633000104,3.138691108530836,45.893301256101246
FRA,633380000,2.8351840297954882,46.160724188161296
FRA,634300101,3.546107111304494,45.858041453494096
FRA,690190102,4.730324627358996,46.10682599605354
FRA,690290301,4.9170643282532955,45.72993422716034
FRA,690340503,4.854650967006877,45.796524982720584
FRA,690910203,4.767652768369185,45.58511320748106
FRA,691430102,4.836190647599348,45.88028153097363
FRA,691490202,4.796728137070161,45.719822339400416
FRA,691990301,4.861963885000473,45.71245141675748
FRA,692440201,4.776479436774524,45.75794110764407
FRA,692560202,4.918819966369091,45.781133041184916
FRA,692590101,4.867853999745559,45.70758498775276
FRA,692640203,4.728453237213241,45.979845024917964
FRA,692660902,4.874877816042956,45.772700300464805
FRA,692820301,4.997064398205256,45.766470327026646
FRA,692860501,4.883814600147963,45.814995581930745
FRA,692900301,4.925770968509727,45.69685156118325
FRA,693820502,4.818170927095247,45.74275052640062
FRA,693830501,4.861392957014702,45.754267042807484
FRA,693840204,4.829276022570455,45.77920397030648
FRA,693880203,4.867745232607369,45.74638926448611
FRA,693890403,4.8011192676011625,45.76877314876732
FRA,730080204,5.909044118059821,45.691677572398895
FRA,730650303,5.908186308027333,45.576086474183505
FRA,861650102,0.8762729166685023,46.43365454992487
FRA,861940108,0.33450168107072364,46.5829726321961
FRA,862140104,0.3633757592166873,46.56305398651
FRA,870110102,1.0509276037804252,46.121813974928926
FRA,870850601,1.2613836590006566,45.847825741872796
FRA,870850201,1.2640656281303018,45.833144623736885
FRA,870851005,1.26776177488511,45.81170193096528
FRA,871540101,0.9043763690629147,45.8883914379395
FRA,871870102,1.206161921416607,45.51180419163591
FRA,091600103,1.843700468967178,42.92825137336997
FRA,730650802,5.93373129336597,45.5687964284691
FRA,731710000,6.049515603714679,45.50216361398341
FRA,731810000,6.533743132071437,45.485827118452455
FRA,732480103,6.355788372088387,45.272944751546966
FRA,740100502,6.123384326273673,45.92363231375121
FRA,740101301,6.091187341781631,45.92190535289441
FRA,740101403,6.102011779650453,45.88673333232683
FRA,740120401,6.242635398905364,46.18981395675885
FRA,740560103,6.868996939189334,45.918604147739984
FRA,092250105,1.6188276207083616,43.10949181819096
FRA,092610102,1.1528026119524755,42.98090272391529
FRA,110690301,2.3673370060650294,43.214782984393935
FRA,110760105,1.951087622546395,43.32024322497086
FRA,112030101,2.7454241013017757,43.17746838464319
FRA,112060103,2.2255336144754128,43.074848769259084
FRA,112620207,2.971773403935447,43.15323134989591
FRA,120890101,2.260074596168523,44.554705637459456
FRA,121450109,3.0825372651818626,44.11278419199335
FRA,122020501,2.5608857351716243,44.362023982251756
FRA,740810102,6.56622414496466,46.07051511870553
FRA,742430104,6.08681176885676,46.14864689230912
FRA,742560102,6.634862178894637,45.94569666214766
FRA,742810201,6.482331231682449,46.36960465957157
FRA,040700102,6.242655230254032,44.09108553591043
FRA,042090102,5.948657663696713,44.186036254410084
FRA,123000102,2.02861403764243,44.35546699913482
FRA,300070104,4.079530390716714,44.1346156795932
FRA,300070115,4.11869396262147,44.12018700374034
FRA,300280102,4.612945545695906,44.16696308634352
FRA,300320102,4.613214231893599,43.81130957875326
FRA,301891102,4.310888583276259,43.814686144200294
FRA,301890604,4.369474646983175,43.8231306793472
FRA,301891703,4.397130737213177,43.852209969549364
FRA,303410102,4.269333018593285,43.70732391631943
FRA,303500101,3.616466644223027,43.99301454971126
FRA,303510101,4.797514216535821,43.96332054840754
FRA,310690104,1.378486852118036,43.64392899355404
FRA,311160102,1.42787061062072,43.69202109811318
FRA,311490803,1.3084360286277237,43.61371389813153
FRA,312540000,1.5145078236279592,43.53466659602824
FRA,313950109,1.3305735711076072,43.472864016043346
FRA,314330105,1.401007535003881,43.52086773353308
FRA,314830101,0.7204305343928914,43.10928285953893
FRA,050230103,6.632769911127775,44.89458537232265
FRA,050460101,6.496758401745777,44.56355000431715
FRA,050610102,6.083267150526366,44.55889349317904
FRA,060270102,7.134140816978109,43.66017654767112
FRA,060300105,6.990375556920886,43.5755546889488
FRA,060690107,6.962937418326887,43.63056354484188
FRA,060830105,7.5045519852262,43.776616504987
FRA,060881506,7.26379041480379,43.71493361588284
FRA,060883102,7.202464341475676,43.68372475797579
FRA,314880104,1.4986176063606393,43.6621960939315
FRA,315555203,1.4001194103545163,43.5656000205011
FRA,315552501,1.4477766257326852,43.583977324740275
FRA,315552001,1.4614791098675002,43.61448765360805
FRA,315554701,1.4925074919820478,43.58264664158004
FRA,315550301,1.4491214881636063,43.603208765166485
FRA,315554007,1.4532178169998404,43.643194017901024
FRA,315553504,1.4041537626012426,43.60337336183064
FRA,315820000,1.7117339949848986,43.40228178699143
FRA,320130201,0.5836817434125341,43.63610115953786
FRA,060882304,7.260284116648866,43.70231032534995
FRA,060880305,7.290332507077487,43.70191681705526
FRA,061490103,7.31075259028623,43.740380756288
FRA,130010901,5.430440202491819,43.5148552858343
FRA,130010606,5.42902668961046,43.52885154914045
FRA,130040110,4.636376697958467,43.67930171048914
FRA,130050101,5.571453724603789,43.28959275475697
FRA,130270103,4.864921205670767,43.88406381158476
FRA,130280110,5.615407036322339,43.19209498772483
FRA,130410106,5.46928311549674,43.45204867121957
FRA,130470116,4.985243209398103,43.49681683884168
FRA,130540108,5.203332003335993,43.40348425678158
FRA,130560111,5.031273467170299,43.410071673900305
FRA,130630108,4.997795378815816,43.575937932029085
FRA,340030104,3.481094698261925,43.30100458227932
FRA,340320403,3.222011563725718,43.364952667980546
FRA,340320805,3.249741146898658,43.33189763100777
FRA,340570101,3.910512599979925,43.62824354276735
FRA,340790102,3.4376778260718552,43.63122135806153
FRA,341450102,4.129232780059272,43.670554101999215
FRA,341720602,3.8254420092540373,43.61636520068676
FRA,341980104,3.9390200584745747,43.58201418774366
FRA,341990103,3.4118380210544874,43.447652202430234
FRA,342700104,3.8526449720342213,43.57379225220656
FRA,343010301,3.7036488953071154,43.406806160969744
FRA,130770102,4.9832949881293835,43.40651450203515
FRA,131030111,5.095705408462195,43.63275187134079
FRA,131170206,5.259457599874074,43.422424686233484
FRA,132030102,5.389317415500396,43.3101164686937
FRA,132030202,5.381005407160411,43.30447492725487
FRA,132050401,5.40610206011169,43.295646249104365
FRA,132070603,5.364373920973508,43.28927723061477
FRA,132080805,5.3853600353979045,43.27340872802568
FRA,132100302,5.419927111462111,43.2842104593849
FRA,132110704,5.464132133829195,43.2899029312821
FRA,132130103,5.435720197696163,43.34229993237525
FRA,132140301,5.382155921792959,43.32513710635221
FRA,132150302,5.363281606754977,43.33323179761499
FRA,132160403,5.337082049823095,43.362061608344625
FRA,830230501,6.041216793689742,43.40842858900038
FRA,830310000,6.336566797122527,43.39366011299172
FRA,830420103,6.5327395255420555,43.256011342056574
FRA,460420101,1.4383377883734523,44.444070673191604
FRA,461020103,2.02264440532144,44.61007765110717
FRA,463090000,1.4739787920621417,44.89593012109891
FRA,480950101,3.4828385509697197,44.524282033160674
FRA,830500102,6.472885121041581,43.53264953557016
FRA,830610110,6.7454708006130355,43.419295628330495
FRA,830690116,6.130297997286971,43.10796199163489
FRA,831160106,5.850809595610605,43.4549659787865
FRA,831180112,6.790629740828592,43.43753529094875
FRA,831260101,5.880790981097965,43.103602481815535
FRA,831290304,5.84249225089041,43.10917552021344
FRA,831370612,5.943309785745953,43.1191370579676
FRA,840030201,5.3883532867960255,43.878965510994355
FRA,840070116,4.856421708275493,43.95033502602046
FRA,840070124,4.826962888769761,43.929198428767755
FRA,840190101,4.75736814667621,44.29898449500217
FRA,840310104,5.045120736035625,44.05951513526479
FRA,840350203,5.038270152010515,43.848688879114846
FRA,652580101,0.38348032259712317,43.123541752173296
FRA,654400402,0.06653142792702564,43.22581897145352
FRA,654401001,0.08138992286754491,43.24576112797463
FRA,660080103,3.0126573418687266,42.549788285802805
FRA,660280101,2.9211527662375802,42.686637677828806
FRA,660490103,2.7568731102835815,42.500238813002206
FRA,661361401,2.8935246489519253,42.733229496340016
FRA,661361701,2.8714198128252524,42.69028754459014
FRA,661490102,2.429269709617044,42.616255971873315
FRA,810040201,2.1374230233399487,43.92629598363361
FRA,810210106,2.3707974801048928,43.50956441540489
FRA,840870201,4.793905492676823,44.13743099250228
FRA,840890203,5.496736184919851,43.678511892548485
FRA,2A2470102,9.274866708904963,41.585977990054005
FRA,2A2490000,8.906057070136427,41.6729845939116
FRA,2B0330402,9.439380893425026,42.67006730867496
FRA,2B0960101,9.149890081319565,42.31024389187075
FRA,2B1230000,9.367317428664515,42.090225991264646
FRA,2B1340000,8.924277970031767,42.62770124006622
FRA,810600101,2.1522506322660937,44.0516511899801
FRA,810650501,2.2336775354733134,43.59278853255859
FRA,810990105,1.9133130468081814,43.90551635266562
FRA,811050107,1.972838206278563,43.760953545136644
FRA,820330101,1.104227076239234,44.037869767527496
FRA,821210602,1.3353022911565549,43.99671501683557
FRA,821210901,1.3714487203298027,44.03232837854732
FRA,010040102,5.33249688815488,45.96040416846498
FRA,751155722,2.3056899236914217,48.83555316163802
FRA,751155710,2.288678192058554,48.83763886068568
FRA,773050203,2.957167656256428,48.384648145691614
FRA,930661104,2.361426320096064,48.9213536111138
FRA,955270000,2.521266749851844,48.994817616572185
FRA,282180102,1.4637312382796883,48.43133952860939
FRA,360060000,1.521375778404932,46.58652053761748
FRA,702850101,6.758410451721704,47.57341677807056
FRA,710140103,4.29937890658725,46.95835773391127
FRA,900100302,6.843922015562158,47.63488379097657
FRA,765400304,1.0808000414630317,49.4307001675981
FRA,765400502,1.0990506155034354,49.44915025728275
FRA,023810101,4.080766499313601,49.92507854604475
FRA,591530103,3.585684799456395,50.459798803547834
FRA,083620102,4.361011578620447,49.51351557064186
FRA,331620104,-0.636910042178305,44.88478209551534
FRA,332270101,-0.24692346111524643,44.54740488789171
FRA,470040000,0.3389565343160583,44.293955756084166
FRA,641020702,-1.4873954554523527,43.49788899378012
FRA,644100101,-0.6248311455392463,43.368971370732325
FRA,644830103,-1.6411615748241928,43.397425781812736
FRA,091220105,1.6199524236422453,42.98724610828881
FRA,321070102,0.3751481859738296,43.95096062952507
FRA,041120109,5.804354354015767,43.83001133018144
FRA,060040101,7.088790501091382,43.601661778457185
FRA,830620104,6.026268447209283,43.139036099227894
FRA,641220103,-1.5459082742597179,43.477443867006954
FRA,781720103,2.0804431108795436,49.0053941836292
FRA,280700000,1.500138173622538,48.47483767599446
FRA,760570101,0.9668797793903569,49.53978710205654
FRA,593500801,3.03174831525355,50.63291923590467
FRA,543290107,6.511963740108737,48.585927586402576
FRA,352380305,-1.700438361214079,48.1085126308525
FRA,641220110,-1.538150624954267,43.47167707594258
FRA,790490105,-0.49578129356763817,46.83743297381599
FRA,315553401,1.4045072434138384,43.58511356095611
FRA,321600101,1.0912484684019845,43.609657652436795
FRA,652860104,-0.03931365753930573,43.10254360879368
FRA,420950203,4.283461791224137,45.38413158483186
FRA,631131101,3.1264811843584477,45.760667054920106
FRA,691710000,4.59494487949338,45.82360290000245
FRA,692430103,4.4368684343000515,45.89346926358554
FRA,693870701,4.841810967196211,45.73961601691713
FRA,730110104,6.390797590306,45.66708955711568
FRA,060290123,6.968316533977363,43.559690346382936
FRA,831370104,5.917653271021954,43.12804023404122
FRA,2A0040902,8.7816553665038,41.95157330893972
FRA,973040102,-52.642080946694215,5.157504159635401
FRA,973080000,-51.8028143688411,3.891331098354103
FRA,973110104,-54.03467043493746,5.474823859261518
FRA,973530101,-54.02925088992536,3.6387859789875034
FRA,973070102,-52.31623924462749,4.879164894081914
FRA,973020112,-52.29814508566053,4.935722394659476
FRA,974080301,55.326427758148874,-20.955661659898258
FRA,974090501,55.66201544374768,-20.96421904658179
FRA,974100105,55.71658808340717,-21.048346218963786
FRA,974110709,55.491744604937416,-20.890947454611126
FRA,974110602,55.48086850071691,-20.887915385115253
FRA,974110106,55.463116975416845,-20.882543316830162
FRA,974120101,55.62113007260893,-21.376573056456365
FRA,974130302,55.297331657233016,-21.215633302413067
FRA,974140107,55.43483086956072,-21.27982424702993
FRA,974140108,55.40015551939694,-21.288480897371695
FRA,974151101,55.258184105534745,-21.046303370877553
FRA,974150301,55.294973390922856,-20.98734079179182
FRA,974160501,55.4600202028579,-21.29507724315687
FRA,974160101,55.47596824732045,-21.3393636959559
FRA,974180601,55.532813314487306,-20.89518416177342
FRA,974220102,55.51525429344063,-21.280711616213342
FRA,974070702,55.30920654424052,-20.940346709693053
FRA,971010101,-61.51218307902138,16.276767784931884
FRA,971030105,-61.58736673270278,16.253193931849232
FRA,971050104,-61.725684721194604,16.000873382255637
FRA,971070107,-61.562718753236815,16.05316902367143
FRA,971120101,-61.3127343596494,15.883256091769493
FRA,971160107,-61.4567540392318,16.338919333934076
FRA,971200102,-61.541669226271225,16.24733932735508
FRA,971220102,-61.52918686538597,16.415352558954503
FRA,971250102,-61.271239427002385,16.25738829229462
FRA,971290103,-61.67045062209974,16.296708450253288
FRA,972090108,-61.05047485937322,14.611177114163473
FRA,972100107,-60.90686234877613,14.613143577924763
FRA,972131306,-61.02007702907144,14.635567253711333
FRA,972171703,-60.87313683576423,14.473428644853284
FRA,972210104,-60.962375085619605,14.524264409300903
FRA,972250000,-61.175040371358044,14.741551716091069
FRA,972282801,-60.98725632029182,14.77443495566266
FRA,972290103,-61.0984839265219,14.61469656409365
FRA,972300104,-60.9449983119138,14.741553587258645
FRA,971010106,-61.52948749765372,16.249966458942602
FRA,971180106,-61.60363677450173,16.21612388299184
FRA,972090104,-61.063310044650706,14.603834702407562
FRA,971030105,-61.5660187852595,16.243890354098767
FRA,971060101,-61.76709466258371,16.105058693383302
FRA,971130102,-61.48201796068216,16.206282345977765
