iso3,lon,lat
GRC,22.95981,40.58832
GRC,23.716044,38.039726
GRC,25.710265,35.197592
GRC,23.832626,38.013142
GRC,21.388868,38.638068
GRC,23.729790,37.987170
GRC,23.679807,37.997503
GRC,22.085655,38.250897
GRC,22.4407794,40.6216053
GRC,25.868331,40.88052
GRC,25.158801,35.337704
GRC,22.759804,39.179303
GRC,21.3525321,37.7953038
GRC,23.807496,38.053861
GRC,23.766942,37.9950209
GRC,21.681344,40.69073
GRC,22.376425,38.528981
GRC,20.48532,38.1774
GRC,22.72907,37.6453
GRC,22.06123,40.97257
GRC,20.986951,39.164288
GRC,28.1157437,36.2206841
GRC,23.7300412,38.0792215
GRC,22.22143,40.5014026
GRC,22.926088,39.357638
GRC,22.41433,40.790351
GRC,23.760965,37.867017
GRC,22.4551385,40.9468389
GRC,21.433,40.085338
GRC,23.7386300,37.9552400
GRC,26.493335,41.350266
GRC,24.072171,41.161884
GRC,22.04772,40.801254
GRC,22.1948198,39.8928406
GRC,24.25501,40.9150581
GRC,23.5385603,38.0372781
GRC,20.8965968,37.7830318
GRC,20.263657,39.496946
GRC,25.151315,35.308752
GRC,24.7016683,40.7782949
GRC,22.9359836,40.6387072
GRC,23.318922,38.3219755
GRC,25.438416,36.415906
GRC,25.733263,35.014164
GRC,26.294994,37.6166
GRC,20.848473,39.665281
GRC,22.854541,40.689233
GRC,24.433111,40.946159
GRC,23.7525058,37.9618137
GRC,22.068824,37.054085
GRC,21.62122,39.705838
GRC,23.706527,37.953309
GRC,21.911503,39.378478
GRC,21.82168,38.909323
GRC,21.2654438,40.5215655
GRC,22.5079255,40.2587043
GRC,23.629264,37.965101
GRC,19.918599,39.625814
GRC,23.809686,38.095544
GRC,22.7491787,38.0101
GRC,22.8857313,40.9920459
GRC,21.7901,40.302012
GRC,25.387334,41.12018
GRC,22.913775,37.93453
GRC,27.2859055,36.8935331
GRC,23.0645,40.748917
GRC,22.471638,38.895884
GRC,22.409014,39.646774
GRC,24.05389,37.714952
GRC,20.707136,38.830629
GRC,20.065043,39.423861
GRC,22.887103,38.438866
GRC,23.933627,37.887958
GRC,23.3396762,37.9934806
GRC,21.432317,38.3715
GRC,26.555449,39.1071281
GRC,25.378458,37.107966
GRC,22.071833,40.627667
GRC,21.839028,38.393664
GRC,22.799549,37.595362
GRC,22.93458,40.6513392
GRC,23.754029,38.045542
GRC,23.284683,40.239052
GRC,23.4971161,40.9103421
GRC,23.6428561,37.9668491
GRC,24.9035259,41.1343089
GRC,26.532894,41.490152
GRC,23.8872025,38.0042623
GRC,25.14941,37.08529
GRC,23.7381296,38.0161842
GRC,21.744491,38.263151
GRC,23.642197,37.953075
GRC,23.699521,38.00355
GRC,23.721296,37.995598
GRC,23.4411124,40.3851935
GRC,20.745887,38.955716
GRC,21.678781,40.5106829
GRC,22.932424,40.642801
GRC,21.409741,37.687887
GRC,24.47049,35.365297
GRC,28.217406,36.439991
GRC,26.97947,37.75094
GRC,25.6958337,41.0248021
GRC,23.485664,41.100492
GRC,26.100974,35.20663
GRC,23.395788,41.234486
GRC,22.426562,37.075083
GRC,24.9380248,37.439593
GRC,22.986361,40.608611
GRC,21.74763,39.5717605
GRC,22.371769,37.524886
GRC,21.4279586,40.8083001
GRC,23.5966765,38.4638472
GRC,24.023592,35.512057
GRC,26.145455,38.33043
GRC,24.7078549,40.9827109
